-- phpMyAdmin SQL Dump
-- version 5.0.2
-- https://www.phpmyadmin.net/
--
-- Host: 127.0.0.1:3306
-- Generation Time: Jul 25, 2021 at 02:50 AM
-- Server version: 5.7.31
-- PHP Version: 7.3.21

SET SQL_MODE = "NO_AUTO_VALUE_ON_ZERO";
START TRANSACTION;
SET time_zone = "+00:00";


/*!40101 SET @OLD_CHARACTER_SET_CLIENT=@@CHARACTER_SET_CLIENT */;
/*!40101 SET @OLD_CHARACTER_SET_RESULTS=@@CHARACTER_SET_RESULTS */;
/*!40101 SET @OLD_COLLATION_CONNECTION=@@COLLATION_CONNECTION */;
/*!40101 SET NAMES utf8mb4 */;

--
-- Database: `dawa`
--

-- --------------------------------------------------------

--
-- Table structure for table `currentmonths`
--

DROP TABLE IF EXISTS `currentmonths`;
CREATE TABLE IF NOT EXISTS `currentmonths` (
  `id` int(10) UNSIGNED NOT NULL AUTO_INCREMENT,
  `offer_id` int(11) NOT NULL DEFAULT '0',
  `email` text COLLATE utf8mb4_unicode_ci,
  `is_site_active` tinyint(1) NOT NULL DEFAULT '0',
  `created_at` timestamp NULL DEFAULT NULL,
  `updated_at` timestamp NULL DEFAULT NULL,
  PRIMARY KEY (`id`)
) ENGINE=InnoDB AUTO_INCREMENT=2 DEFAULT CHARSET=utf8mb4 COLLATE=utf8mb4_unicode_ci;

--
-- Dumping data for table `currentmonths`
--

INSERT INTO `currentmonths` (`id`, `offer_id`, `email`, `is_site_active`, `created_at`, `updated_at`) VALUES
(1, 9, 'ahmedsuror@gmail.com,hamdyy5551@gmail.com', 0, '2020-05-13 05:22:38', '2021-07-25 02:13:23');

-- --------------------------------------------------------

--
-- Table structure for table `customers`
--

DROP TABLE IF EXISTS `customers`;
CREATE TABLE IF NOT EXISTS `customers` (
  `id` int(10) UNSIGNED NOT NULL AUTO_INCREMENT,
  `name` varchar(255) COLLATE utf8mb4_unicode_ci NOT NULL,
  `title` varchar(255) COLLATE utf8mb4_unicode_ci NOT NULL,
  `whats` bigint(20) NOT NULL,
  `created_at` timestamp NULL DEFAULT NULL,
  `updated_at` timestamp NULL DEFAULT NULL,
  `total` decimal(11,2) DEFAULT NULL COMMENT 'expiredTotal',
  `offerTotal` decimal(11,2) DEFAULT '0.00',
  `offer_id` int(11) NOT NULL,
  `status_id` int(11) NOT NULL DEFAULT '1',
  `notes` text COLLATE utf8mb4_unicode_ci,
  PRIMARY KEY (`id`)
) ENGINE=InnoDB AUTO_INCREMENT=250 DEFAULT CHARSET=utf8mb4 COLLATE=utf8mb4_unicode_ci;

--
-- Dumping data for table `customers`
--

INSERT INTO `customers` (`id`, `name`, `title`, `whats`, `created_at`, `updated_at`, `total`, `offerTotal`, `offer_id`, `status_id`, `notes`) VALUES
(217, 'بيشوي مراد دمنو', 'سوهاج', 1203327339, '2021-06-27 04:34:30', '2021-06-27 15:28:49', '1514.25', '2538.50', 9, 2, NULL),
(218, 'احمد عبد الحافظ', 'الغربية طنطا العجيزي شارع سيدي مجاهد', 1005732937, '2021-06-27 15:13:42', '2021-06-27 16:00:34', '1540.00', '2560.00', 9, 2, NULL),
(219, 'صيدلية الحياه', 'بنى سويف مركز سمسطا شارع الساحة امام مجلس المدينة القديم', 1225943757, '2021-06-27 15:24:15', '2021-06-27 16:20:58', '1572.70', '2620.00', 9, 2, NULL),
(221, 'د مها سالم', 'دمياط الجديده شارع المصالح', 1075428695, '2021-06-29 04:01:35', '2021-06-29 17:40:39', '1864.25', '3109.30', 9, 2, NULL),
(222, 'المحبه', 'اسوان شارع مصطفي كامل', 1253874608, '2021-06-29 04:03:25', '2021-06-29 17:13:33', '3693.70', '6172.50', 9, 2, NULL),
(225, 'نهى شحاته محمد الحجارة', 'الفيوم سنورس منشاة بنى عثمان الحجاره', 1008026669, '2021-06-30 03:10:14', '2021-07-01 16:58:23', '1509.05', '2510.00', 9, 2, NULL),
(226, 'د باسل عبد النعيم', 'منيا القمح.  الشرقية . ميت يزيد . كريب الثورة', 1056982374, '2021-06-30 16:06:33', '2021-07-01 16:26:16', '3187.50', '5300.00', 9, 2, NULL),
(229, 'صيدلية سامي', '٩ش سيد سعد متفرع من محور طه حسين النزهة الجديدة', 1023211539, '2021-07-06 08:55:32', '2021-07-08 17:46:06', '1508.60', '2504.00', 9, 2, NULL),
(231, 'تجربة', 'شيش', 1111111111, '2021-07-14 10:23:26', '2021-07-14 10:23:26', '3150.00', '5250.00', 9, 1, NULL),
(233, 'تجربة', '0', 11111111111, '2021-07-16 00:54:17', '2021-07-16 00:54:17', '1500.00', '2500.00', 9, 1, NULL),
(234, 'تجربة', '0', 11111111111, '2021-07-16 00:55:29', '2021-07-16 00:55:29', '1500.00', '2500.00', 9, 1, NULL),
(235, 'تجربة', '0', 11111111111, '2021-07-16 00:56:04', '2021-07-16 00:56:04', '1500.00', '2500.00', 9, 1, NULL),
(236, 'تجربة', '0', 11111111111, '2021-07-16 01:18:13', '2021-07-16 01:18:13', '1500.00', '2500.00', 9, 1, NULL),
(237, 'تجربة', '0', 11111111111, '2021-07-16 02:13:33', '2021-07-16 02:13:33', '1500.00', '2500.00', 9, 1, NULL),
(238, 'adad', 'asdasd', 0, '2021-07-16 11:11:45', '2021-07-16 11:11:45', '1500.00', '2500.00', 9, 1, NULL),
(239, 'adad', 'asdasd', 0, '2021-07-16 11:12:46', '2021-07-16 11:12:46', '1500.00', '2500.00', 9, 1, NULL),
(240, 'adad', 'asdasd', 0, '2021-07-16 11:13:25', '2021-07-16 11:13:25', '1500.00', '2500.00', 9, 1, NULL),
(241, 'adad', 'asdasd', 0, '2021-07-16 11:16:00', '2021-07-16 11:16:00', '1500.00', '2500.00', 9, 1, NULL),
(242, 'adad', 'asdasd', 0, '2021-07-16 11:16:18', '2021-07-16 11:16:18', '1500.00', '2500.00', 9, 1, NULL),
(243, 'adad', 'asdasd', 0, '2021-07-16 11:17:26', '2021-07-16 11:17:26', '1500.00', '2500.00', 9, 1, NULL),
(245, 'تجربة احمد', 'الفيوم', 11111111111, '2021-07-16 11:24:54', '2021-07-16 11:24:54', '1500.00', '2500.00', 9, 1, NULL),
(246, 'تجربة احمد', '11111111111', 11111111111, '2021-07-16 11:27:27', '2021-07-16 11:27:27', '1500.00', '2500.00', 9, 1, NULL),
(247, 'تجربة', 'asdasd', 11111111111, '2021-07-16 11:28:14', '2021-07-16 11:28:14', '1500.00', '2500.00', 9, 1, NULL),
(248, 'تجربة', 'الفيوم', 1111111111, '2021-07-16 11:29:40', '2021-07-16 11:29:40', '1500.00', '2500.00', 9, 1, NULL),
(249, 'مدير عام', 'A Survey on Content-based Visual Information Retrieval', 1124414458, '2021-07-25 01:17:18', '2021-07-25 01:17:18', '882.40', '1180.00', 9, 1, NULL);

-- --------------------------------------------------------

--
-- Table structure for table `customer_product`
--

DROP TABLE IF EXISTS `customer_product`;
CREATE TABLE IF NOT EXISTS `customer_product` (
  `id` int(10) UNSIGNED NOT NULL AUTO_INCREMENT,
  `customer_id` int(11) NOT NULL,
  `offer_id` int(11) DEFAULT NULL,
  `product_id` int(11) NOT NULL,
  `type` varchar(191) COLLATE utf8mb4_unicode_ci DEFAULT 'expired',
  `created_at` timestamp NULL DEFAULT NULL,
  `updated_at` timestamp NULL DEFAULT NULL,
  `amount` int(11) DEFAULT NULL,
  `amountPrice` decimal(11,2) NOT NULL DEFAULT '0.00',
  PRIMARY KEY (`id`)
) ENGINE=InnoDB AUTO_INCREMENT=2429 DEFAULT CHARSET=utf8mb4 COLLATE=utf8mb4_unicode_ci;

--
-- Dumping data for table `customer_product`
--

INSERT INTO `customer_product` (`id`, `customer_id`, `offer_id`, `product_id`, `type`, `created_at`, `updated_at`, `amount`, `amountPrice`) VALUES
(2253, 217, 9, 319, 'offer', '2021-06-27 04:34:30', '2021-06-27 04:34:30', 100, '1750.00'),
(2254, 217, 9, 320, 'offer', '2021-06-27 04:34:30', '2021-06-27 04:34:30', 2, '76.00'),
(2255, 217, 9, 329, 'offer', '2021-06-27 04:34:30', '2021-06-27 04:34:30', 50, '712.50'),
(2256, 217, 9, 329, 'expired', '2021-06-27 04:34:30', '2021-06-27 04:34:30', 51, '726.75'),
(2257, 217, 9, 319, 'expired', '2021-06-27 04:34:30', '2021-06-27 04:34:30', 45, '787.50'),
(2258, 218, 9, 153, 'offer', '2021-06-27 15:13:42', '2021-06-27 15:13:42', 2, '640.00'),
(2259, 218, 9, 17, 'offer', '2021-06-27 15:13:42', '2021-06-27 15:13:42', 2, '864.00'),
(2260, 218, 9, 106, 'offer', '2021-06-27 15:13:42', '2021-06-27 15:13:42', 16, '1056.00'),
(2261, 218, 9, 15, 'expired', '2021-06-27 15:13:42', '2021-06-27 15:13:42', 48, '468.00'),
(2262, 218, 9, 24, 'expired', '2021-06-27 15:13:42', '2021-06-27 15:13:42', 7, '252.00'),
(2263, 218, 9, 13, 'expired', '2021-06-27 15:13:42', '2021-06-27 15:13:42', 20, '820.00'),
(2264, 219, 9, 133, 'offer', '2021-06-27 15:24:15', '2021-06-27 15:24:15', 2, '60.00'),
(2265, 219, 9, 153, 'offer', '2021-06-27 15:24:15', '2021-06-27 15:24:15', 8, '2560.00'),
(2266, 219, 9, 10, 'expired', '2021-06-27 15:24:15', '2021-06-27 15:24:15', 24, '1555.20'),
(2267, 219, 9, 319, 'expired', '2021-06-27 15:24:15', '2021-06-27 15:24:15', 1, '17.50'),
(2289, 221, 9, 319, 'offer', '2021-06-29 04:01:35', '2021-06-29 04:01:35', 3, '52.50'),
(2290, 221, 9, 133, 'offer', '2021-06-29 04:01:35', '2021-06-29 04:01:35', 2, '60.00'),
(2291, 221, 9, 134, 'offer', '2021-06-29 04:01:35', '2021-06-29 04:01:35', 2, '60.00'),
(2292, 221, 9, 147, 'offer', '2021-06-29 04:01:35', '2021-06-29 04:01:35', 5, '60.00'),
(2293, 221, 9, 320, 'offer', '2021-06-29 04:01:35', '2021-06-29 04:01:35', 5, '190.00'),
(2294, 221, 9, 329, 'offer', '2021-06-29 04:01:35', '2021-06-29 04:01:35', 10, '142.50'),
(2295, 221, 9, 17, 'offer', '2021-06-29 04:01:35', '2021-06-29 04:01:35', 2, '864.00'),
(2296, 221, 9, 327, 'offer', '2021-06-29 04:01:35', '2021-06-29 04:01:35', 2, '53.00'),
(2297, 221, 9, 158, 'offer', '2021-06-29 04:01:35', '2021-06-29 04:01:35', 5, '175.00'),
(2298, 221, 9, 183, 'offer', '2021-06-29 04:01:35', '2021-06-29 04:01:35', 5, '202.50'),
(2299, 221, 9, 106, 'offer', '2021-06-29 04:01:35', '2021-06-29 04:01:35', 5, '330.00'),
(2300, 221, 9, 324, 'offer', '2021-06-29 04:01:35', '2021-06-29 04:01:35', 3, '150.00'),
(2301, 221, 9, 325, 'offer', '2021-06-29 04:01:35', '2021-06-29 04:01:35', 4, '200.00'),
(2302, 221, 9, 323, 'offer', '2021-06-29 04:01:35', '2021-06-29 04:01:35', 5, '300.00'),
(2303, 221, 9, 322, 'offer', '2021-06-29 04:01:35', '2021-06-29 04:01:35', 4, '119.80'),
(2304, 221, 9, 328, 'offer', '2021-06-29 04:01:35', '2021-06-29 04:01:35', 3, '150.00'),
(2305, 221, 9, 11, 'expired', '2021-06-29 04:01:35', '2021-06-29 04:01:35', 5, '50.00'),
(2306, 221, 9, 10, 'expired', '2021-06-29 04:01:35', '2021-06-29 04:01:35', 10, '648.00'),
(2307, 221, 9, 329, 'expired', '2021-06-29 04:01:35', '2021-06-29 04:01:35', 10, '142.50'),
(2308, 221, 9, 211, 'expired', '2021-06-29 04:01:35', '2021-06-29 04:01:35', 15, '810.00'),
(2309, 221, 9, 147, 'expired', '2021-06-29 04:01:35', '2021-06-29 04:01:35', 15, '180.00'),
(2310, 221, 9, 214, 'expired', '2021-06-29 04:01:35', '2021-06-29 04:01:35', 1, '33.75'),
(2311, 222, 9, 153, 'offer', '2021-06-29 04:03:25', '2021-06-29 04:03:25', 10, '3200.00'),
(2312, 222, 9, 327, 'offer', '2021-06-29 04:03:25', '2021-06-29 04:03:25', 25, '662.50'),
(2313, 222, 9, 106, 'offer', '2021-06-29 04:03:25', '2021-06-29 04:03:25', 35, '2310.00'),
(2314, 222, 9, 214, 'expired', '2021-06-29 04:03:25', '2021-06-29 04:03:25', 20, '675.00'),
(2315, 222, 9, 144, 'expired', '2021-06-29 04:03:25', '2021-06-29 04:03:25', 20, '360.00'),
(2316, 222, 9, 133, 'expired', '2021-06-29 04:03:25', '2021-06-29 04:03:25', 20, '600.00'),
(2317, 222, 9, 85, 'expired', '2021-06-29 04:03:25', '2021-06-29 04:03:25', 30, '495.00'),
(2318, 222, 9, 323, 'expired', '2021-06-29 04:03:25', '2021-06-29 04:03:25', 20, '1200.00'),
(2319, 222, 9, 327, 'expired', '2021-06-29 04:03:25', '2021-06-29 04:03:25', 13, '344.50'),
(2320, 222, 9, 157, 'expired', '2021-06-29 04:03:25', '2021-06-29 04:03:25', 1, '19.20'),
(2339, 225, 9, 319, 'offer', '2021-06-30 03:10:14', '2021-06-30 03:10:14', 4, '70.00'),
(2340, 225, 9, 133, 'offer', '2021-06-30 03:10:14', '2021-06-30 03:10:14', 5, '150.00'),
(2341, 225, 9, 134, 'offer', '2021-06-30 03:10:14', '2021-06-30 03:10:14', 10, '300.00'),
(2342, 225, 9, 17, 'offer', '2021-06-30 03:10:14', '2021-06-30 03:10:14', 3, '1296.00'),
(2343, 225, 9, 106, 'offer', '2021-06-30 03:10:14', '2021-06-30 03:10:14', 9, '594.00'),
(2344, 225, 9, 324, 'offer', '2021-06-30 03:10:14', '2021-06-30 03:10:14', 2, '100.00'),
(2345, 225, 9, 10, 'expired', '2021-06-30 03:10:14', '2021-06-30 03:10:14', 3, '194.40'),
(2346, 225, 9, 329, 'expired', '2021-06-30 03:10:14', '2021-06-30 03:10:14', 2, '28.50'),
(2347, 225, 9, 211, 'expired', '2021-06-30 03:10:14', '2021-06-30 03:10:14', 2, '108.00'),
(2348, 225, 9, 214, 'expired', '2021-06-30 03:10:14', '2021-06-30 03:10:14', 5, '168.75'),
(2349, 225, 9, 319, 'expired', '2021-06-30 03:10:14', '2021-06-30 03:10:14', 7, '122.50'),
(2350, 225, 9, 144, 'expired', '2021-06-30 03:10:14', '2021-06-30 03:10:14', 2, '36.00'),
(2351, 225, 9, 106, 'expired', '2021-06-30 03:10:14', '2021-06-30 03:10:14', 4, '264.00'),
(2352, 225, 9, 85, 'expired', '2021-06-30 03:10:14', '2021-06-30 03:10:14', 2, '33.00'),
(2353, 225, 9, 157, 'expired', '2021-06-30 03:10:14', '2021-06-30 03:10:14', 5, '96.00'),
(2354, 225, 9, 23, 'expired', '2021-06-30 03:10:14', '2021-06-30 03:10:14', 3, '86.40'),
(2355, 225, 9, 14, 'expired', '2021-06-30 03:10:14', '2021-06-30 03:10:14', 3, '33.75'),
(2356, 225, 9, 15, 'expired', '2021-06-30 03:10:14', '2021-06-30 03:10:14', 1, '9.75'),
(2357, 225, 9, 13, 'expired', '2021-06-30 03:10:14', '2021-06-30 03:10:14', 8, '328.00'),
(2358, 226, 9, 327, 'offer', '2021-06-30 16:06:33', '2021-06-30 16:06:33', 200, '5300.00'),
(2359, 226, 9, 329, 'expired', '2021-06-30 16:06:33', '2021-06-30 16:06:33', 150, '2137.50'),
(2360, 226, 9, 211, 'expired', '2021-06-30 16:06:33', '2021-06-30 16:06:33', 19, '1026.00'),
(2361, 226, 9, 147, 'expired', '2021-06-30 16:06:33', '2021-06-30 16:06:33', 2, '24.00'),
(2373, 229, 9, 133, 'offer', '2021-07-06 08:55:32', '2021-07-06 08:55:32', 10, '300.00'),
(2374, 229, 9, 134, 'offer', '2021-07-06 08:55:32', '2021-07-06 08:55:32', 10, '300.00'),
(2375, 229, 9, 147, 'offer', '2021-07-06 08:55:32', '2021-07-06 08:55:32', 10, '120.00'),
(2376, 229, 9, 329, 'offer', '2021-07-06 08:55:32', '2021-07-06 08:55:32', 10, '142.50'),
(2377, 229, 9, 327, 'offer', '2021-07-06 08:55:32', '2021-07-06 08:55:32', 2, '53.00'),
(2378, 229, 9, 183, 'offer', '2021-07-06 08:55:32', '2021-07-06 08:55:32', 5, '202.50'),
(2379, 229, 9, 106, 'offer', '2021-07-06 08:55:32', '2021-07-06 08:55:32', 21, '1386.00'),
(2380, 229, 9, 11, 'expired', '2021-07-06 08:55:32', '2021-07-06 08:55:32', 20, '200.00'),
(2381, 229, 9, 10, 'expired', '2021-07-06 08:55:32', '2021-07-06 08:55:32', 7, '453.60'),
(2382, 229, 9, 13, 'expired', '2021-07-06 08:55:32', '2021-07-06 08:55:32', 15, '615.00'),
(2383, 229, 9, 258, 'expired', '2021-07-06 08:55:32', '2021-07-06 08:55:32', 4, '240.00'),
(2389, 231, 9, 319, 'offer', '2021-07-14 10:23:26', '2021-07-14 10:23:26', 300, '5250.00'),
(2390, 231, 9, 11, 'expired', '2021-07-14 10:23:26', '2021-07-14 10:23:26', 315, '3150.00'),
(2393, 233, 9, 328, 'offer', '2021-07-16 00:54:17', '2021-07-16 00:54:17', 50, '2500.00'),
(2394, 233, 9, 11, 'expired', '2021-07-16 00:54:17', '2021-07-16 00:54:17', 150, '1500.00'),
(2395, 234, 9, 328, 'offer', '2021-07-16 00:55:29', '2021-07-16 00:55:29', 50, '2500.00'),
(2396, 234, 9, 11, 'expired', '2021-07-16 00:55:29', '2021-07-16 00:55:29', 150, '1500.00'),
(2397, 235, 9, 328, 'offer', '2021-07-16 00:56:04', '2021-07-16 00:56:04', 50, '2500.00'),
(2398, 235, 9, 11, 'expired', '2021-07-16 00:56:04', '2021-07-16 00:56:04', 150, '1500.00'),
(2399, 236, 9, 328, 'offer', '2021-07-16 01:18:13', '2021-07-16 01:18:13', 50, '2500.00'),
(2400, 236, 9, 11, 'expired', '2021-07-16 01:18:13', '2021-07-16 01:18:13', 150, '1500.00'),
(2401, 237, 9, 328, 'offer', '2021-07-16 02:13:33', '2021-07-16 02:13:33', 50, '2500.00'),
(2402, 237, 9, 11, 'expired', '2021-07-16 02:13:33', '2021-07-16 02:13:33', 150, '1500.00'),
(2403, 238, 9, 328, 'offer', '2021-07-16 11:11:45', '2021-07-16 11:11:45', 50, '2500.00'),
(2404, 238, 9, 11, 'expired', '2021-07-16 11:11:45', '2021-07-16 11:11:45', 150, '1500.00'),
(2405, 239, 9, 328, 'offer', '2021-07-16 11:12:46', '2021-07-16 11:12:46', 50, '2500.00'),
(2406, 239, 9, 11, 'expired', '2021-07-16 11:12:46', '2021-07-16 11:12:46', 150, '1500.00'),
(2407, 240, 9, 328, 'offer', '2021-07-16 11:13:25', '2021-07-16 11:13:25', 50, '2500.00'),
(2408, 240, 9, 11, 'expired', '2021-07-16 11:13:25', '2021-07-16 11:13:25', 150, '1500.00'),
(2409, 241, 9, 328, 'offer', '2021-07-16 11:16:00', '2021-07-16 11:16:00', 50, '2500.00'),
(2410, 241, 9, 11, 'expired', '2021-07-16 11:16:00', '2021-07-16 11:16:00', 150, '1500.00'),
(2411, 242, 9, 328, 'offer', '2021-07-16 11:16:18', '2021-07-16 11:16:18', 50, '2500.00'),
(2412, 242, 9, 11, 'expired', '2021-07-16 11:16:18', '2021-07-16 11:16:18', 150, '1500.00'),
(2413, 243, 9, 328, 'offer', '2021-07-16 11:17:26', '2021-07-16 11:17:26', 50, '2500.00'),
(2414, 243, 9, 11, 'expired', '2021-07-16 11:17:26', '2021-07-16 11:17:26', 150, '1500.00'),
(2417, 245, 9, 328, 'offer', '2021-07-16 11:24:54', '2021-07-16 11:24:54', 50, '2500.00'),
(2418, 245, 9, 11, 'expired', '2021-07-16 11:24:54', '2021-07-16 11:24:54', 150, '1500.00'),
(2419, 246, 9, 328, 'offer', '2021-07-16 11:27:27', '2021-07-16 11:27:27', 50, '2500.00'),
(2420, 246, 9, 11, 'expired', '2021-07-16 11:27:27', '2021-07-16 11:27:27', 150, '1500.00'),
(2421, 247, 9, 328, 'offer', '2021-07-16 11:28:14', '2021-07-16 11:28:14', 50, '2500.00'),
(2422, 247, 9, 11, 'expired', '2021-07-16 11:28:14', '2021-07-16 11:28:14', 150, '1500.00'),
(2423, 248, 9, 328, 'offer', '2021-07-16 11:29:40', '2021-07-16 11:29:40', 50, '2500.00'),
(2424, 248, 9, 11, 'expired', '2021-07-16 11:29:40', '2021-07-16 11:29:40', 150, '1500.00'),
(2425, 249, 9, 319, 'offer', '2021-07-25 01:17:18', '2021-07-25 01:17:18', 50, '700.00'),
(2426, 249, 9, 133, 'offer', '2021-07-25 01:17:18', '2021-07-25 01:17:18', 20, '480.00'),
(2427, 249, 9, 11, 'expired', '2021-07-25 01:17:18', '2021-07-25 01:17:18', 4, '40.00'),
(2428, 249, 9, 10, 'expired', '2021-07-25 01:17:18', '2021-07-25 01:17:18', 13, '842.40');

-- --------------------------------------------------------

--
-- Table structure for table `migrations`
--

DROP TABLE IF EXISTS `migrations`;
CREATE TABLE IF NOT EXISTS `migrations` (
  `id` int(10) UNSIGNED NOT NULL AUTO_INCREMENT,
  `migration` varchar(255) COLLATE utf8mb4_unicode_ci NOT NULL,
  `batch` int(11) NOT NULL,
  PRIMARY KEY (`id`)
) ENGINE=InnoDB AUTO_INCREMENT=21 DEFAULT CHARSET=utf8mb4 COLLATE=utf8mb4_unicode_ci;

--
-- Dumping data for table `migrations`
--

INSERT INTO `migrations` (`id`, `migration`, `batch`) VALUES
(1, '2014_10_12_000000_create_users_table', 1),
(2, '2014_10_12_100000_create_password_resets_table', 1),
(3, '2020_05_13_020458_create_customers_table', 1),
(4, '2020_05_13_020945_create_products_table', 1),
(5, '2020_05_13_021926_create_offers_table', 1),
(6, '2020_05_13_022423_create_currentmonths_table', 1),
(7, '2020_05_13_042445_create_roles__table', 1),
(8, '2020_05_13_075826_create_customer_product__table', 1),
(9, '2020_05_13_082401_create_offer_product__table', 1),
(10, '2020_05_14_173843_create_add_charge_offers__table', 2),
(11, '2020_05_14_214313_create_add_tolerance_offers__table', 3),
(12, '2020_05_15_000407_create_ad_amount_customer_product__table', 4),
(13, '2020_05_15_000508_create_add_amount_customer_product__table', 5),
(14, '2020_05_15_023120_create_add_total_customer_product__table', 6),
(15, '2020_05_15_044412_create_add_total_customers__table', 7),
(16, '2020_05_15_060538_create_add_offer_id_customers__table', 8),
(17, '2020_05_15_063804_create_add_amount_price_customer_product__table', 9),
(18, '2020_05_15_064423_create_add_amount_price_customer_product__table', 10),
(19, '2020_05_15_064744_create_add_status_customers__table', 11),
(20, '2020_05_16_010418_create_statuss__table', 12);

-- --------------------------------------------------------

--
-- Table structure for table `offers`
--

DROP TABLE IF EXISTS `offers`;
CREATE TABLE IF NOT EXISTS `offers` (
  `id` int(10) UNSIGNED NOT NULL AUTO_INCREMENT,
  `offerName` varchar(255) COLLATE utf8mb4_unicode_ci NOT NULL,
  `minPrice` decimal(11,2) DEFAULT '0.00',
  `minPriceOrder` decimal(11,2) NOT NULL DEFAULT '0.00',
  `minPricePrecent` decimal(11,2) NOT NULL DEFAULT '0.00',
  `discount` decimal(11,2) DEFAULT '0.00',
  `offerPrice` decimal(8,2) NOT NULL,
  `orderPrice` decimal(8,2) NOT NULL,
  `expireTotal` decimal(8,2) NOT NULL,
  `created_at` timestamp NULL DEFAULT NULL,
  `updated_at` timestamp NULL DEFAULT NULL,
  `charge` decimal(11,2) NOT NULL DEFAULT '0.00',
  `tolerance` decimal(11,2) NOT NULL DEFAULT '0.00',
  `thumb` varchar(255) COLLATE utf8mb4_unicode_ci DEFAULT NULL,
  `desc` text COLLATE utf8mb4_unicode_ci,
  PRIMARY KEY (`id`)
) ENGINE=InnoDB AUTO_INCREMENT=10 DEFAULT CHARSET=utf8mb4 COLLATE=utf8mb4_unicode_ci;

--
-- Dumping data for table `offers`
--

INSERT INTO `offers` (`id`, `offerName`, `minPrice`, `minPriceOrder`, `minPricePrecent`, `discount`, `offerPrice`, `orderPrice`, `expireTotal`, `created_at`, `updated_at`, `charge`, `tolerance`, `thumb`, `desc`) VALUES
(3, 'عرض شهر يناير 2021', '2000.00', '2500.00', '100.00', '20.00', '2000.00', '2500.00', '1000.00', '2021-01-03 23:58:22', '2021-01-04 00:11:30', '50.00', '10.00', '1609693102-Offer-1.jpg', '<h1 style=\"text-align: center;\">يمكنك اختيار طلبيتك من الأصناف الموضحة أدناه:</h1>\r\n<div id=\"gallery\"><img src=\"https://www.dawapharm.com/wp-content/uploads/2021/01/بيراسيف-1-جم-فيال.jpeg\" /> <img src=\"https://www.dawapharm.com/wp-content/uploads/2020/12/10.jpeg\" /> <img src=\"https://www.dawapharm.com/wp-content/uploads/2020/12/9.jpeg\" /> <img src=\"https://www.dawapharm.com/wp-content/uploads/2020/12/6.jpeg\" /> <img src=\"https://www.dawapharm.com/wp-content/uploads/2020/10/سرنجات-الدولية.jpg\" /> <img src=\"https://www.dawapharm.com/wp-content/uploads/2020/11/13.jpeg\" /></div>'),
(4, 'عرض شهر فبراير 2021', '2048.00', '2560.00', '100.00', '20.00', '2048.00', '2560.00', '2100.00', '2021-02-04 06:38:48', '2021-02-04 22:05:37', '50.00', '10.00', '1612395528-Offer-1.jpg', '<h1 style=\"text-align: center;\">عرض هذا الشهر على:</h1>\r\n<p><img style=\"display: block; margin-left: auto; margin-right: auto; width: 80%;\" src=\"https://www.dawapharm.com/wp-content/uploads/2020/11/%D8%B3%D8%AA%D8%B1%D9%8A%D8%A8-%D9%85%D8%A7%D9%83%D8%B3.jpg\" /></p>'),
(5, 'عرض شهر مارس 2021', '2000.00', '2500.00', '100.00', '20.00', '2000.00', '2500.00', '1000.00', '2021-03-04 02:19:36', '2021-03-06 04:48:35', '50.00', '10.00', '1614799176-Offer-1.jpg', '<h1 style=\"text-align: center;\">يمكنك اختيار طلبيتك من الأصناف الموضحة أدناه:</h1>\r\n<div id=\"gallery\"><img src=\"https://www.dawapharm.com/wp-content/uploads/2021/03/%D8%A7%D8%B1%D9%88%D8%AF%D9%83%D8%B3.jpg\" /> <img src=\"https://www.dawapharm.com/wp-content/uploads/2021/03/%D9%81%D9%8A%D8%AA%D9%88%D8%B4%D9%8A%D8%AA%D9%88%D8%B2%D8%A7%D9%86.jpg\" /> <img src=\"https://www.dawapharm.com/wp-content/uploads/2020/12/7.jpeg\" /> <img src=\"https://www.dawapharm.com/wp-content/uploads/2020/12/11.jpeg\" /> <img src=\"https://www.dawapharm.com/wp-content/uploads/2021/03/%D9%85%D9%8A%D8%AC%D8%A7-%D8%B3%D9%8A%D9%84%D8%B2-%D8%B4%D8%B1%D8%A7%D9%8A%D8%B7.jpg\" /> <img src=\"https://www.dawapharm.com/wp-content/uploads/2020/12/4.jpeg\" /> <img src=\"https://www.dawapharm.com/wp-content/uploads/2021/03/%D9%83%D9%8A%D8%B3-%D8%A7%D9%86%D8%B3%D9%88%D9%84%D9%8A%D9%86.jpg\" /> <img src=\"https://www.dawapharm.com/wp-content/uploads/2020/11/13.jpeg\" /> <img src=\"https://www.dawapharm.com/wp-content/uploads/2020/10/%D8%B3%D8%B1%D9%86%D8%AC%D8%A7%D8%AA-%D8%A7%D9%84%D8%AF%D9%88%D9%84%D9%8A%D8%A9.jpg\" /></div>'),
(6, 'عرض شهر أبريل 2021', '2000.00', '2500.00', '100.00', '20.00', '2000.00', '2500.00', '1000.00', '2021-04-17 04:58:32', '2021-04-17 05:47:28', '50.00', '10.00', '1618613912-Offer-1.jpg', '<h1 style=\"text-align: center;\">يمكنك اختيار طلبيتك من الأصناف الموضحة أدناه:</h1>\r\n<div id=\"gallery\"><img src=\"https://www.dawapharm.com/wp-content/uploads/2021/01/%D8%A8%D9%8A%D8%B1%D8%A7%D8%B3%D9%8A%D9%81-1-%D8%AC%D9%85-%D9%81%D9%8A%D8%A7%D9%84.jpeg\" /> <img src=\"https://www.dawapharm.com/wp-content/uploads/2021/03/%D9%81%D9%8A%D8%AA%D9%88%D8%B4%D9%8A%D8%AA%D9%88%D8%B2%D8%A7%D9%86.jpg\" /> <img src=\"https://www.dawapharm.com/wp-content/uploads/2021/04/%D8%A7%D9%8A%D9%88%D9%83%D8%A7%D9%84.jpg\" /> <img src=\"https://www.dawapharm.com/wp-content/uploads/2021/04/%D8%A7%D9%84%D9%83%D9%88%D9%81%D8%A7%D9%86.jpg\" /> <img src=\"https://www.dawapharm.com/wp-content/uploads/2020/12/1.jpeg\" /> <img src=\"https://www.dawapharm.com/wp-content/uploads/2020/12/6.jpeg\" /> <img src=\"https://www.dawapharm.com/wp-content/uploads/2021/03/%D8%B3%D8%AA%D8%B1%D9%8A%D8%A8-%D9%85%D8%A7%D9%83%D8%B3.jpg\" /> <img src=\"https://www.dawapharm.com/wp-content/uploads/2021/04/%D8%B3%D8%AA%D8%B1%D9%8A%D8%A8-%D9%87%D9%88%D9%84%D8%B2-%D8%A8%D8%A7%D8%B3%D8%AA%D9%8A%D9%84%D9%8A%D8%A7.jpg\" /> <img src=\"https://www.dawapharm.com/wp-content/uploads/2020/10/%D8%B3%D8%B1%D9%86%D8%AC%D8%A7%D8%AA-%D8%A7%D9%84%D8%AF%D9%88%D9%84%D9%8A%D8%A9.jpg\" /> <img src=\"https://www.dawapharm.com/wp-content/uploads/2020/11/13.jpeg\" /> <img src=\"https://www.dawapharm.com/wp-content/uploads/2021/03/%D9%83%D9%8A%D8%B3-%D8%A7%D9%86%D8%B3%D9%88%D9%84%D9%8A%D9%86.jpg\" /></div>'),
(7, 'عرض شهر مايو 2021', '2000.00', '2500.00', '100.00', '20.00', '2000.00', '2500.00', '1000.00', '2021-05-13 03:57:33', '2021-05-13 06:58:06', '50.00', '10.00', 'Offer-may-2021.jpg', '<h1 style=\"text-align: center;\">يمكنك اختيار طلبيتك من الأصناف الموضحة أدناه:</h1>\r\n<div id=\"gallery\">\r\n	<img src=\"https://www.dawapharm.com/wp-content/uploads/2021/05/أوجرام-1.jpg\" />\r\n	<img src=\"https://www.dawapharm.com/wp-content/uploads/2021/01/بيراسيف-1-جم-فيال.jpeg\" />\r\n	<img src=\"https://www.dawapharm.com/wp-content/uploads/2021/05/هيبيوروكسيم-اقراص-1.jpg\" />\r\n	<img src=\"https://www.dawapharm.com/wp-content/uploads/2021/05/هيبيوروكسيم-شراب-1.jpg\" />\r\n	<img src=\"https://www.dawapharm.com/wp-content/uploads/2020/12/7.jpeg\" />\r\n	<img src=\"https://www.dawapharm.com/wp-content/uploads/2020/12/8.jpeg\" />\r\n	<img src=\"https://www.dawapharm.com/wp-content/uploads/2020/12/6.jpeg\" />\r\n	<img src=\"https://www.dawapharm.com/wp-content/uploads/2021/03/فيتوشيتوزان.jpg\" />\r\n	<img src=\"https://www.dawapharm.com/wp-content/uploads/2021/05/داى-لايت-صابون-1.jpg\" />\r\n	<img src=\"https://www.dawapharm.com/wp-content/uploads/2021/05/بيونك-لسيون-1.jpg\" />\r\n	<img src=\"https://www.dawapharm.com/wp-content/uploads/2021/05/ضياء-كريم-1.jpg\" />\r\n	<img src=\"https://www.dawapharm.com/wp-content/uploads/2021/05/نيركس-كريم.jpg\" />\r\n	<img src=\"https://www.dawapharm.com/wp-content/uploads/2021/05/مالف-سى.jpg\" />\r\n	<img src=\"https://www.dawapharm.com/wp-content/uploads/2020/12/11.jpeg\" />\r\n	<img src=\"https://www.dawapharm.com/wp-content/uploads/2021/04/ايوكال.jpg\" />\r\n	<img src=\"https://www.dawapharm.com/wp-content/uploads/2021/03/ستريب-ماكس.jpg\" />\r\n	<img src=\"https://www.dawapharm.com/wp-content/uploads/2021/04/ستريب-هولز-باستيليا.jpg\" />\r\n	<img src=\"https://www.dawapharm.com/wp-content/uploads/2021/05/سرنجات-الدولية-3.jpg\" />\r\n	<img src=\"https://www.dawapharm.com/wp-content/uploads/2021/05/سرنجات-الدولية-5.jpg\" />\r\n	<img src=\"https://www.dawapharm.com/wp-content/uploads/2021/03/كيس-انسولين.jpg\" />\r\n</div>\r\n'),
(8, 'عرض شهر يونيو 2021', '2500.00', '2500.00', '100.00', '20.00', '2000.00', '2500.00', '1000.00', '2021-06-03 04:25:24', '2021-06-03 05:08:44', '50.00', '10.00', '1622675324Offer-1.jpg', '<h1 style=\"text-align: center;\">يمكنك اختيار طلبيتك من الأصناف الموضحة أدناه:</h1>\r\n<div id=\"gallery\">\r\n	<img src=\"https://www.dawapharm.com/wp-content/uploads/2021/03/ارودكس.jpg\" />\r\n	<img src=\"https://www.dawapharm.com/wp-content/uploads/2021/06/اكتيفاست-1.jpg\" />\r\n	<img src=\"https://www.dawapharm.com/wp-content/uploads/2021/05/أوجرام-1.jpg\" />\r\n	<img src=\"https://www.dawapharm.com/wp-content/uploads/2021/04/الكوفان.jpg\" />\r\n	<img src=\"https://www.dawapharm.com/wp-content/uploads/2021/01/بيراسيف-1-جم-فيال.jpeg\" />\r\n	<img src=\"https://www.dawapharm.com/wp-content/uploads/2021/05/هيبيوروكسيم-شراب-1.jpg\" />\r\n	<img src=\"https://www.dawapharm.com/wp-content/uploads/2021/05/هيبيوروكسيم-اقراص-1.jpg\" />\r\n	<img src=\"https://www.dawapharm.com/wp-content/uploads/2021/06/ترايكونال.jpg\" />\r\n	<img src=\"https://www.dawapharm.com/wp-content/uploads/2021/06/روكسيسين.jpg\" />\r\n	<img src=\"https://www.dawapharm.com/wp-content/uploads/2020/12/8.jpeg\" />\r\n	<img src=\"https://www.dawapharm.com/wp-content/uploads/2021/03/فيتوشيتوزان.jpg\" />\r\n	<img src=\"https://www.dawapharm.com/wp-content/uploads/2021/03/ستريب-ماكس.jpg\" />\r\n	<img src=\"https://www.dawapharm.com/wp-content/uploads/2021/04/ستريب-هولز-باستيليا.jpg\" />\r\n	<img src=\"https://www.dawapharm.com/wp-content/uploads/2021/05/سرنجات-الدولية-3.jpg\" />\r\n	<img src=\"https://www.dawapharm.com/wp-content/uploads/2021/05/سرنجات-الدولية-5.jpg\" />\r\n	<img src=\"https://www.dawapharm.com/wp-content/uploads/2021/03/كيس-انسولين.jpg\" />\r\n</div>\r\n'),
(9, 'عرض تصفيات', '1000.00', '1250.00', '50.00', '20.00', '2000.00', '2500.00', '1500.00', NULL, '2021-07-25 00:56:56', '50.00', '10.00', '6.25.1973434863.تصفيات.jpg', '<h1 style=\"text-align: center;\">يمكنك اختيار طلبيتك من الأصناف الموضحة أدناه:</h1>\r\n<div id=\"gallery\">\r\n	<img src=\"https://www.dawapharm.com/wp-content/uploads/2021/04/ايوكال-300x214.jpg\" />\r\n	<img src=\"https://www.dawapharm.com/wp-content/uploads/2021/04/الكوفان-300x214.jpg\" />\r\n	<img src=\"https://www.dawapharm.com/wp-content/uploads/2021/05/هيبيوروكسيم-اقراص-1-300x213.jpg\" />\r\n	<img src=\"https://www.dawapharm.com/wp-content/uploads/2021/06/اكتيفاست-1-300x214.jpg\" />\r\n	<img src=\"https://www.dawapharm.com/wp-content/uploads/2021/03/ستريب-ماكس-300x214.jpg\" />\r\n	<img src=\"https://www.dawapharm.com/wp-content/uploads/2021/03/ميجا-سيلز-شرايط-300x213.jpg\" />\r\n	<img src=\"https://www.dawapharm.com/wp-content/uploads/2021/06/ترايكونال-300x214.jpg\" />\r\n	<img src=\"https://www.dawapharm.com/wp-content/uploads/2020/12/11-300x214.jpeg\" />\r\n	<img src=\"https://www.dawapharm.com/wp-content/uploads/2021/03/فيتوشيتوزان-300x214.jpg\" />\r\n	<img src=\"https://www.dawapharm.com/wp-content/uploads/2020/12/6-300x214.jpeg\" />\r\n	<img src=\"https://www.dawapharm.com/wp-content/uploads/2021/05/ضياء-كريم-1-300x213.jpg\" />\r\n	<img src=\"https://www.dawapharm.com/wp-content/uploads/2021/05/نيركس-كريم-300x214.jpg\" />\r\n	<img src=\"https://www.dawapharm.com/wp-content/uploads/2021/05/بيونك-لسيون-1-300x214.jpg\" />\r\n	<img src=\"https://www.dawapharm.com/wp-content/uploads/2021/05/داى-لايت-صابون-1-300x214.jpg\" />\r\n	<img src=\"https://www.dawapharm.com/wp-content/uploads/2021/06/%D8%B1%D9%88%D9%83%D8%B3%D9%8A%D8%B3%D9%8A%D9%86.jpg\" />\r\n</div>');

-- --------------------------------------------------------

--
-- Table structure for table `offer_product`
--

DROP TABLE IF EXISTS `offer_product`;
CREATE TABLE IF NOT EXISTS `offer_product` (
  `id` int(10) UNSIGNED NOT NULL AUTO_INCREMENT,
  `offer_id` int(10) UNSIGNED NOT NULL,
  `product_id` int(10) UNSIGNED NOT NULL,
  `is_offer` int(11) NOT NULL DEFAULT '0',
  `offerPriority` int(11) NOT NULL DEFAULT '0',
  `is_expired` int(11) NOT NULL DEFAULT '0',
  `expiredPriority` int(11) NOT NULL DEFAULT '0',
  `created_at` timestamp NULL DEFAULT NULL,
  `updated_at` timestamp NULL DEFAULT NULL,
  PRIMARY KEY (`id`),
  KEY `FK_offer_product_products_id` (`offer_id`),
  KEY `FK_offer_product_product_id` (`product_id`)
) ENGINE=InnoDB AUTO_INCREMENT=12785 DEFAULT CHARSET=utf8mb4 COLLATE=utf8mb4_unicode_ci;

--
-- Dumping data for table `offer_product`
--

INSERT INTO `offer_product` (`id`, `offer_id`, `product_id`, `is_offer`, `offerPriority`, `is_expired`, `expiredPriority`, `created_at`, `updated_at`) VALUES
(965, 3, 186, 1, 1111, 0, 550, '2021-01-04 02:49:43', '2021-01-04 02:49:43'),
(976, 3, 197, 1, 0, 0, 880, '2021-01-04 02:49:44', '2021-01-04 02:49:44'),
(3563, 4, 3, 1, 2, 0, 2, '2021-02-04 22:05:37', '2021-02-04 22:05:37'),
(3564, 4, 7, 1, 0, 0, 1720, '2021-02-04 22:05:37', '2021-02-04 22:05:37'),
(3565, 4, 9, 1, 0, 0, 1110, '2021-02-04 22:05:37', '2021-02-04 22:05:37'),
(3566, 4, 10, 1, 0, 0, 70, '2021-02-04 22:05:37', '2021-02-04 22:05:37'),
(3567, 4, 12, 1, 0, 0, 1140, '2021-02-04 22:05:37', '2021-02-04 22:05:37'),
(3568, 4, 13, 1, 0, 0, 1230, '2021-02-04 22:05:37', '2021-02-04 22:05:37'),
(3569, 4, 14, 1, 0, 0, 1210, '2021-02-04 22:05:37', '2021-02-04 22:05:37'),
(3570, 4, 15, 1, 0, 0, 1200, '2021-02-04 22:05:37', '2021-02-04 22:05:37'),
(3571, 4, 18, 1, 0, 0, 500, '2021-02-04 22:05:37', '2021-02-04 22:05:37'),
(3572, 4, 20, 1, 0, 0, 1460, '2021-02-04 22:05:37', '2021-02-04 22:05:37'),
(3573, 4, 21, 1, 0, 0, 1550, '2021-02-04 22:05:37', '2021-02-04 22:05:37'),
(3574, 4, 22, 1, 0, 0, 620, '2021-02-04 22:05:37', '2021-02-04 22:05:37'),
(3575, 4, 23, 1, 0, 0, 790, '2021-02-04 22:05:37', '2021-02-04 22:05:37'),
(3576, 4, 24, 1, 0, 0, 1170, '2021-02-04 22:05:37', '2021-02-04 22:05:37'),
(3577, 4, 25, 1, 0, 0, 980, '2021-02-04 22:05:37', '2021-02-04 22:05:37'),
(3578, 4, 26, 1, 0, 0, 1190, '2021-02-04 22:05:37', '2021-02-04 22:05:37'),
(3579, 4, 42, 1, 0, 0, 560, '2021-02-04 22:05:37', '2021-02-04 22:05:37'),
(3580, 4, 44, 1, 0, 0, 1640, '2021-02-04 22:05:37', '2021-02-04 22:05:37'),
(3581, 4, 45, 1, 0, 0, 510, '2021-02-04 22:05:37', '2021-02-04 22:05:37'),
(3582, 4, 50, 1, 0, 0, 600, '2021-02-04 22:05:37', '2021-02-04 22:05:37'),
(3583, 4, 52, 1, 0, 0, 880, '2021-02-04 22:05:37', '2021-02-04 22:05:37'),
(3584, 4, 55, 1, 0, 0, 830, '2021-02-04 22:05:37', '2021-02-04 22:05:37'),
(3587, 4, 67, 1, 0, 0, 1300, '2021-02-04 22:05:37', '2021-02-04 22:05:37'),
(3588, 4, 68, 1, 0, 0, 1310, '2021-02-04 22:05:37', '2021-02-04 22:05:37'),
(3589, 4, 71, 1, 0, 0, 40, '2021-02-04 22:05:37', '2021-02-04 22:05:37'),
(3590, 4, 75, 1, 0, 0, 1600, '2021-02-04 22:05:37', '2021-02-04 22:05:37'),
(3591, 4, 76, 1, 0, 0, 1610, '2021-02-04 22:05:37', '2021-02-04 22:05:37'),
(3592, 4, 77, 1, 0, 0, 1670, '2021-02-04 22:05:37', '2021-02-04 22:05:37'),
(3593, 4, 78, 1, 0, 0, 1680, '2021-02-04 22:05:37', '2021-02-04 22:05:37'),
(3594, 4, 81, 1, 0, 0, 1030, '2021-02-04 22:05:37', '2021-02-04 22:05:37'),
(3595, 4, 83, 1, 0, 0, 1020, '2021-02-04 22:05:37', '2021-02-04 22:05:37'),
(3596, 4, 89, 1, 0, 0, 1060, '2021-02-04 22:05:37', '2021-02-04 22:05:37'),
(3597, 4, 90, 1, 0, 0, 1070, '2021-02-04 22:05:37', '2021-02-04 22:05:37'),
(3598, 4, 91, 1, 0, 0, 1080, '2021-02-04 22:05:37', '2021-02-04 22:05:37'),
(3599, 4, 92, 1, 0, 0, 1440, '2021-02-04 22:05:37', '2021-02-04 22:05:37'),
(3600, 4, 93, 1, 0, 0, 1450, '2021-02-04 22:05:37', '2021-02-04 22:05:37'),
(3601, 4, 94, 1, 0, 0, 480, '2021-02-04 22:05:37', '2021-02-04 22:05:37'),
(3602, 4, 96, 1, 0, 0, 200, '2021-02-04 22:05:37', '2021-02-04 22:05:37'),
(3603, 4, 98, 1, 0, 0, 1420, '2021-02-04 22:05:37', '2021-02-04 22:05:37'),
(3604, 4, 99, 1, 0, 0, 670, '2021-02-04 22:05:37', '2021-02-04 22:05:37'),
(3605, 4, 100, 1, 0, 0, 1380, '2021-02-04 22:05:37', '2021-02-04 22:05:37'),
(3606, 4, 101, 1, 0, 0, 1650, '2021-02-04 22:05:37', '2021-02-04 22:05:37'),
(3607, 4, 102, 1, 0, 0, 840, '2021-02-04 22:05:37', '2021-02-04 22:05:37'),
(3608, 4, 105, 1, 0, 0, 450, '2021-02-04 22:05:37', '2021-02-04 22:05:37'),
(3609, 4, 106, 1, 0, 0, 390, '2021-02-04 22:05:37', '2021-02-04 22:05:37'),
(3610, 4, 110, 1, 0, 0, 120, '2021-02-04 22:05:37', '2021-02-04 22:05:37'),
(3611, 4, 111, 1, 0, 0, 110, '2021-02-04 22:05:37', '2021-02-04 22:05:37'),
(3612, 4, 112, 1, 0, 0, 80, '2021-02-04 22:05:37', '2021-02-04 22:05:37'),
(3613, 4, 113, 1, 0, 0, 1220, '2021-02-04 22:05:37', '2021-02-04 22:05:37'),
(3614, 4, 114, 1, 0, 0, 1180, '2021-02-04 22:05:37', '2021-02-04 22:05:37'),
(3615, 4, 120, 1, 0, 0, 750, '2021-02-04 22:05:37', '2021-02-04 22:05:37'),
(3616, 4, 124, 1, 0, 0, 1250, '2021-02-04 22:05:37', '2021-02-04 22:05:37'),
(3617, 4, 128, 1, 0, 0, 960, '2021-02-04 22:05:37', '2021-02-04 22:05:37'),
(3618, 4, 129, 1, 0, 0, 530, '2021-02-04 22:05:37', '2021-02-04 22:05:37'),
(3619, 4, 133, 1, 0, 0, 330, '2021-02-04 22:05:37', '2021-02-04 22:05:37'),
(3620, 4, 134, 1, 0, 0, 350, '2021-02-04 22:05:37', '2021-02-04 22:05:37'),
(3621, 4, 135, 1, 0, 0, 160, '2021-02-04 22:05:37', '2021-02-04 22:05:37'),
(3622, 4, 136, 1, 0, 0, 740, '2021-02-04 22:05:37', '2021-02-04 22:05:37'),
(3623, 4, 140, 1, 0, 0, 850, '2021-02-04 22:05:37', '2021-02-04 22:05:37'),
(3624, 4, 141, 1, 0, 0, 420, '2021-02-04 22:05:37', '2021-02-04 22:05:37'),
(3625, 4, 142, 1, 0, 0, 430, '2021-02-04 22:05:37', '2021-02-04 22:05:37'),
(3626, 4, 143, 1, 0, 0, 400, '2021-02-04 22:05:37', '2021-02-04 22:05:37'),
(3627, 4, 145, 1, 0, 0, 1390, '2021-02-04 22:05:37', '2021-02-04 22:05:37'),
(3628, 4, 147, 1, 0, 0, 210, '2021-02-04 22:05:37', '2021-02-04 22:05:37'),
(3629, 4, 148, 1, 0, 0, 550, '2021-02-04 22:05:37', '2021-02-04 22:05:37'),
(3630, 4, 151, 1, 0, 0, 1700, '2021-02-04 22:05:37', '2021-02-04 22:05:37'),
(3631, 4, 152, 1, 0, 0, 1710, '2021-02-04 22:05:37', '2021-02-04 22:05:37'),
(3632, 4, 153, 1, 10, 0, 0, '2021-02-04 22:05:37', '2021-02-04 22:05:37'),
(3633, 4, 154, 1, 0, 0, 360, '2021-02-04 22:05:37', '2021-02-04 22:05:37'),
(3634, 4, 155, 1, 0, 0, 660, '2021-02-04 22:05:37', '2021-02-04 22:05:37'),
(3636, 4, 161, 1, 0, 0, 260, '2021-02-04 22:05:37', '2021-02-04 22:05:37'),
(3637, 4, 163, 1, 0, 0, 1160, '2021-02-04 22:05:37', '2021-02-04 22:05:37'),
(3638, 4, 164, 1, 0, 0, 1150, '2021-02-04 22:05:37', '2021-02-04 22:05:37'),
(3640, 4, 168, 1, 0, 0, 1040, '2021-02-04 22:05:37', '2021-02-04 22:05:37'),
(3641, 4, 170, 1, 0, 0, 940, '2021-02-04 22:05:37', '2021-02-04 22:05:37'),
(3642, 4, 171, 1, 0, 0, 950, '2021-02-04 22:05:37', '2021-02-04 22:05:37'),
(3643, 4, 176, 1, 0, 0, 250, '2021-02-04 22:05:37', '2021-02-04 22:05:37'),
(3644, 4, 177, 1, 0, 0, 270, '2021-02-04 22:05:37', '2021-02-04 22:05:37'),
(3645, 4, 178, 1, 0, 0, 1400, '2021-02-04 22:05:37', '2021-02-04 22:05:37'),
(3646, 4, 179, 1, 0, 0, 1480, '2021-02-04 22:05:37', '2021-02-04 22:05:37'),
(3648, 4, 184, 1, 0, 0, 1370, '2021-02-04 22:05:37', '2021-02-04 22:05:37'),
(3649, 4, 185, 1, 0, 0, 240, '2021-02-04 22:05:37', '2021-02-04 22:05:37'),
(3650, 4, 186, 1, 0, 0, 460, '2021-02-04 22:05:37', '2021-02-04 22:05:37'),
(3651, 4, 188, 1, 0, 0, 800, '2021-02-04 22:05:37', '2021-02-04 22:05:37'),
(3652, 4, 190, 1, 0, 0, 760, '2021-02-04 22:05:37', '2021-02-04 22:05:37'),
(3653, 4, 191, 1, 0, 0, 770, '2021-02-04 22:05:37', '2021-02-04 22:05:37'),
(3654, 4, 192, 1, 0, 0, 1350, '2021-02-04 22:05:37', '2021-02-04 22:05:37'),
(3655, 4, 194, 1, 0, 0, 1510, '2021-02-04 22:05:37', '2021-02-04 22:05:37'),
(3656, 4, 199, 1, 0, 0, 490, '2021-02-04 22:05:37', '2021-02-04 22:05:37'),
(3657, 4, 200, 1, 0, 0, 20, '2021-02-04 22:05:37', '2021-02-04 22:05:37'),
(3658, 4, 201, 1, 0, 0, 30, '2021-02-04 22:05:37', '2021-02-04 22:05:37'),
(3659, 4, 202, 1, 0, 0, 90, '2021-02-04 22:05:37', '2021-02-04 22:05:37'),
(3660, 4, 203, 1, 0, 0, 50, '2021-02-04 22:05:37', '2021-02-04 22:05:37'),
(3661, 4, 204, 1, 0, 0, 60, '2021-02-04 22:05:37', '2021-02-04 22:05:37'),
(3662, 4, 205, 1, 0, 0, 10, '2021-02-04 22:05:37', '2021-02-04 22:05:37'),
(3663, 4, 206, 1, 0, 0, 150, '2021-02-04 22:05:37', '2021-02-04 22:05:37'),
(3664, 4, 207, 1, 0, 0, 100, '2021-02-04 22:05:37', '2021-02-04 22:05:37'),
(3665, 4, 208, 1, 0, 0, 130, '2021-02-04 22:05:37', '2021-02-04 22:05:37'),
(3666, 4, 209, 1, 0, 0, 140, '2021-02-04 22:05:37', '2021-02-04 22:05:37'),
(3667, 4, 210, 1, 0, 0, 170, '2021-02-04 22:05:37', '2021-02-04 22:05:37'),
(3668, 4, 211, 1, 0, 0, 180, '2021-02-04 22:05:37', '2021-02-04 22:05:37'),
(3669, 4, 212, 1, 0, 0, 190, '2021-02-04 22:05:37', '2021-02-04 22:05:37'),
(3670, 4, 213, 1, 0, 0, 220, '2021-02-04 22:05:37', '2021-02-04 22:05:37'),
(3671, 4, 214, 1, 0, 0, 280, '2021-02-04 22:05:37', '2021-02-04 22:05:37'),
(3672, 4, 215, 1, 0, 0, 230, '2021-02-04 22:05:37', '2021-02-04 22:05:37'),
(3673, 4, 216, 1, 0, 0, 310, '2021-02-04 22:05:37', '2021-02-04 22:05:37'),
(3674, 4, 217, 1, 0, 0, 320, '2021-02-04 22:05:37', '2021-02-04 22:05:37'),
(3675, 4, 218, 1, 0, 0, 290, '2021-02-04 22:05:37', '2021-02-04 22:05:37'),
(3676, 4, 219, 1, 0, 0, 300, '2021-02-04 22:05:37', '2021-02-04 22:05:37'),
(3677, 4, 220, 1, 0, 0, 380, '2021-02-04 22:05:37', '2021-02-04 22:05:37'),
(3678, 4, 221, 1, 0, 0, 370, '2021-02-04 22:05:37', '2021-02-04 22:05:37'),
(3679, 4, 222, 1, 0, 0, 340, '2021-02-04 22:05:37', '2021-02-04 22:05:37'),
(3680, 4, 223, 1, 0, 0, 470, '2021-02-04 22:05:37', '2021-02-04 22:05:37'),
(3681, 4, 224, 1, 0, 0, 410, '2021-02-04 22:05:37', '2021-02-04 22:05:37'),
(3682, 4, 225, 1, 0, 0, 520, '2021-02-04 22:05:37', '2021-02-04 22:05:37'),
(3683, 4, 226, 1, 0, 0, 440, '2021-02-04 22:05:37', '2021-02-04 22:05:37'),
(3684, 4, 227, 1, 0, 0, 540, '2021-02-04 22:05:37', '2021-02-04 22:05:37'),
(3685, 4, 228, 1, 0, 0, 570, '2021-02-04 22:05:37', '2021-02-04 22:05:37'),
(3686, 4, 229, 1, 0, 0, 580, '2021-02-04 22:05:37', '2021-02-04 22:05:37'),
(3687, 4, 230, 1, 0, 0, 590, '2021-02-04 22:05:37', '2021-02-04 22:05:37'),
(3688, 4, 231, 1, 0, 0, 610, '2021-02-04 22:05:37', '2021-02-04 22:05:37'),
(3689, 4, 232, 1, 0, 0, 630, '2021-02-04 22:05:37', '2021-02-04 22:05:37'),
(3690, 4, 233, 1, 0, 0, 640, '2021-02-04 22:05:37', '2021-02-04 22:05:37'),
(3691, 4, 234, 1, 0, 0, 710, '2021-02-04 22:05:37', '2021-02-04 22:05:37'),
(3692, 4, 235, 1, 0, 0, 730, '2021-02-04 22:05:37', '2021-02-04 22:05:37'),
(3693, 4, 236, 1, 0, 0, 720, '2021-02-04 22:05:37', '2021-02-04 22:05:37'),
(3694, 4, 238, 1, 0, 0, 650, '2021-02-04 22:05:37', '2021-02-04 22:05:37'),
(3695, 4, 239, 1, 0, 0, 680, '2021-02-04 22:05:37', '2021-02-04 22:05:37'),
(3696, 4, 240, 1, 0, 0, 690, '2021-02-04 22:05:37', '2021-02-04 22:05:37'),
(3697, 4, 241, 1, 0, 0, 700, '2021-02-04 22:05:37', '2021-02-04 22:05:37'),
(3698, 4, 242, 1, 0, 0, 820, '2021-02-04 22:05:37', '2021-02-04 22:05:37'),
(3699, 4, 243, 1, 0, 0, 810, '2021-02-04 22:05:37', '2021-02-04 22:05:37'),
(3700, 4, 244, 1, 0, 0, 780, '2021-02-04 22:05:37', '2021-02-04 22:05:37'),
(3701, 4, 245, 1, 0, 0, 860, '2021-02-04 22:05:37', '2021-02-04 22:05:37'),
(3702, 4, 246, 1, 0, 0, 930, '2021-02-04 22:05:37', '2021-02-04 22:05:37'),
(3703, 4, 247, 1, 0, 0, 870, '2021-02-04 22:05:37', '2021-02-04 22:05:37'),
(3704, 4, 248, 1, 0, 0, 990, '2021-02-04 22:05:37', '2021-02-04 22:05:37'),
(3705, 4, 249, 1, 0, 0, 1000, '2021-02-04 22:05:37', '2021-02-04 22:05:37'),
(3706, 4, 250, 1, 0, 0, 970, '2021-02-04 22:05:37', '2021-02-04 22:05:37'),
(3707, 4, 251, 1, 0, 0, 1010, '2021-02-04 22:05:37', '2021-02-04 22:05:37'),
(3708, 4, 252, 1, 0, 0, 1050, '2021-02-04 22:05:37', '2021-02-04 22:05:37'),
(3709, 4, 253, 1, 0, 0, 1090, '2021-02-04 22:05:37', '2021-02-04 22:05:37'),
(3710, 4, 254, 1, 0, 0, 1100, '2021-02-04 22:05:37', '2021-02-04 22:05:37'),
(3711, 4, 255, 1, 0, 0, 1120, '2021-02-04 22:05:37', '2021-02-04 22:05:37'),
(3712, 4, 256, 1, 0, 0, 1130, '2021-02-04 22:05:37', '2021-02-04 22:05:37'),
(3713, 4, 257, 1, 0, 0, 1240, '2021-02-04 22:05:37', '2021-02-04 22:05:37'),
(3714, 4, 258, 1, 0, 0, 1320, '2021-02-04 22:05:37', '2021-02-04 22:05:37'),
(3715, 4, 259, 1, 0, 0, 1290, '2021-02-04 22:05:37', '2021-02-04 22:05:37'),
(3716, 4, 260, 1, 0, 0, 1280, '2021-02-04 22:05:37', '2021-02-04 22:05:37'),
(3717, 4, 261, 1, 0, 0, 1270, '2021-02-04 22:05:37', '2021-02-04 22:05:37'),
(3718, 4, 262, 1, 0, 0, 1340, '2021-02-04 22:05:37', '2021-02-04 22:05:37'),
(3719, 4, 263, 1, 0, 0, 1330, '2021-02-04 22:05:37', '2021-02-04 22:05:37'),
(3720, 4, 264, 1, 0, 0, 1360, '2021-02-04 22:05:37', '2021-02-04 22:05:37'),
(3721, 4, 265, 1, 0, 0, 1410, '2021-02-04 22:05:37', '2021-02-04 22:05:37'),
(3722, 4, 266, 1, 0, 0, 1430, '2021-02-04 22:05:37', '2021-02-04 22:05:37'),
(3723, 4, 267, 1, 0, 0, 1490, '2021-02-04 22:05:37', '2021-02-04 22:05:37'),
(3724, 4, 268, 1, 0, 0, 1500, '2021-02-04 22:05:37', '2021-02-04 22:05:37'),
(3725, 4, 269, 1, 0, 0, 1470, '2021-02-04 22:05:37', '2021-02-04 22:05:37'),
(3726, 4, 270, 1, 0, 0, 1540, '2021-02-04 22:05:37', '2021-02-04 22:05:37'),
(3727, 4, 271, 1, 0, 0, 1520, '2021-02-04 22:05:37', '2021-02-04 22:05:37'),
(3728, 4, 272, 1, 0, 0, 1530, '2021-02-04 22:05:37', '2021-02-04 22:05:37'),
(3729, 4, 273, 1, 0, 0, 1570, '2021-02-04 22:05:37', '2021-02-04 22:05:37'),
(3730, 4, 274, 1, 0, 0, 1560, '2021-02-04 22:05:37', '2021-02-04 22:05:37'),
(3731, 4, 275, 1, 0, 0, 1620, '2021-02-04 22:05:37', '2021-02-04 22:05:37'),
(3732, 4, 276, 1, 0, 0, 1630, '2021-02-04 22:05:37', '2021-02-04 22:05:37'),
(3733, 4, 277, 1, 0, 0, 1590, '2021-02-04 22:05:37', '2021-02-04 22:05:37'),
(3734, 4, 278, 1, 0, 0, 1690, '2021-02-04 22:05:37', '2021-02-04 22:05:37'),
(3735, 4, 279, 1, 0, 0, 1660, '2021-02-04 22:05:37', '2021-02-04 22:05:37'),
(6586, 4, 183, 1, 0, 0, 0, '2021-03-05 20:40:45', '2021-03-05 20:40:45'),
(7773, 5, 3, 1, 33333, 0, 333333, '2021-03-06 04:48:35', '2021-03-06 04:48:35'),
(7774, 5, 7, 1, 222, 0, 0, '2021-03-06 04:48:35', '2021-03-06 04:48:35'),
(7775, 5, 9, 1, 0, 0, 0, '2021-03-06 04:48:35', '2021-03-06 04:48:35'),
(7776, 5, 10, 1, 0, 0, 0, '2021-03-06 04:48:35', '2021-03-06 04:48:35'),
(7777, 5, 11, 1, 0, 0, 0, '2021-03-06 04:48:35', '2021-03-06 04:48:35'),
(7778, 5, 12, 1, 0, 0, 0, '2021-03-06 04:48:35', '2021-03-06 04:48:35'),
(7779, 5, 13, 1, 0, 0, 0, '2021-03-06 04:48:35', '2021-03-06 04:48:35'),
(7780, 5, 14, 1, 0, 0, 0, '2021-03-06 04:48:35', '2021-03-06 04:48:35'),
(7781, 5, 15, 1, 0, 0, 0, '2021-03-06 04:48:35', '2021-03-06 04:48:35'),
(7782, 5, 17, 1, 5, 0, 0, '2021-03-06 04:48:35', '2021-03-06 04:48:35'),
(7783, 5, 18, 1, 0, 0, 0, '2021-03-06 04:48:35', '2021-03-06 04:48:35'),
(7784, 5, 20, 1, 0, 0, 0, '2021-03-06 04:48:35', '2021-03-06 04:48:35'),
(7785, 5, 21, 1, 0, 0, 0, '2021-03-06 04:48:35', '2021-03-06 04:48:35'),
(7786, 5, 22, 1, 0, 0, 0, '2021-03-06 04:48:35', '2021-03-06 04:48:35'),
(7787, 5, 23, 1, 0, 0, 0, '2021-03-06 04:48:35', '2021-03-06 04:48:35'),
(7788, 5, 24, 1, 0, 0, 0, '2021-03-06 04:48:35', '2021-03-06 04:48:35'),
(7789, 5, 25, 1, 0, 0, 0, '2021-03-06 04:48:35', '2021-03-06 04:48:35'),
(7790, 5, 26, 1, 0, 0, 0, '2021-03-06 04:48:35', '2021-03-06 04:48:35'),
(7791, 5, 41, 1, 0, 0, 0, '2021-03-06 04:48:35', '2021-03-06 04:48:35'),
(7792, 5, 42, 1, 0, 0, 0, '2021-03-06 04:48:35', '2021-03-06 04:48:35'),
(7793, 5, 44, 1, 0, 0, 0, '2021-03-06 04:48:35', '2021-03-06 04:48:35'),
(7794, 5, 45, 1, 0, 0, 0, '2021-03-06 04:48:35', '2021-03-06 04:48:35'),
(7795, 5, 47, 1, 0, 0, 0, '2021-03-06 04:48:35', '2021-03-06 04:48:35'),
(7796, 5, 48, 1, 0, 0, 0, '2021-03-06 04:48:35', '2021-03-06 04:48:35'),
(7797, 5, 50, 1, 0, 0, 0, '2021-03-06 04:48:35', '2021-03-06 04:48:35'),
(7798, 5, 52, 1, 0, 0, 0, '2021-03-06 04:48:35', '2021-03-06 04:48:35'),
(7799, 5, 55, 1, 0, 0, 0, '2021-03-06 04:48:35', '2021-03-06 04:48:35'),
(7800, 5, 56, 1, 0, 0, 0, '2021-03-06 04:48:35', '2021-03-06 04:48:35'),
(7801, 5, 57, 1, 0, 0, 0, '2021-03-06 04:48:35', '2021-03-06 04:48:35'),
(7804, 5, 61, 1, 1, 0, 0, '2021-03-06 04:48:35', '2021-03-06 04:48:35'),
(7805, 5, 67, 1, 0, 0, 0, '2021-03-06 04:48:35', '2021-03-06 04:48:35'),
(7806, 5, 68, 1, 0, 0, 0, '2021-03-06 04:48:35', '2021-03-06 04:48:35'),
(7807, 5, 71, 1, 0, 0, 0, '2021-03-06 04:48:35', '2021-03-06 04:48:35'),
(7808, 5, 73, 1, 0, 0, 0, '2021-03-06 04:48:35', '2021-03-06 04:48:35'),
(7809, 5, 75, 1, 0, 0, 0, '2021-03-06 04:48:35', '2021-03-06 04:48:35'),
(7810, 5, 76, 1, 0, 0, 0, '2021-03-06 04:48:35', '2021-03-06 04:48:35'),
(7811, 5, 77, 1, 0, 0, 0, '2021-03-06 04:48:35', '2021-03-06 04:48:35'),
(7812, 5, 78, 1, 0, 0, 0, '2021-03-06 04:48:35', '2021-03-06 04:48:35'),
(7813, 5, 79, 1, 0, 0, 0, '2021-03-06 04:48:35', '2021-03-06 04:48:35'),
(7814, 5, 81, 1, 0, 0, 0, '2021-03-06 04:48:35', '2021-03-06 04:48:35'),
(7815, 5, 83, 1, 0, 0, 0, '2021-03-06 04:48:35', '2021-03-06 04:48:35'),
(7816, 5, 89, 1, 0, 0, 0, '2021-03-06 04:48:35', '2021-03-06 04:48:35'),
(7817, 5, 90, 1, 0, 0, 0, '2021-03-06 04:48:35', '2021-03-06 04:48:35'),
(7818, 5, 91, 1, 0, 0, 0, '2021-03-06 04:48:35', '2021-03-06 04:48:35'),
(7819, 5, 92, 1, 0, 0, 0, '2021-03-06 04:48:35', '2021-03-06 04:48:35'),
(7820, 5, 93, 1, 0, 0, 0, '2021-03-06 04:48:35', '2021-03-06 04:48:35'),
(7821, 5, 94, 1, 0, 0, 0, '2021-03-06 04:48:35', '2021-03-06 04:48:35'),
(7822, 5, 96, 1, 0, 0, 0, '2021-03-06 04:48:35', '2021-03-06 04:48:35'),
(7823, 5, 98, 1, 0, 0, 0, '2021-03-06 04:48:35', '2021-03-06 04:48:35'),
(7824, 5, 99, 1, 0, 0, 0, '2021-03-06 04:48:35', '2021-03-06 04:48:35'),
(7825, 5, 100, 1, 0, 0, 0, '2021-03-06 04:48:35', '2021-03-06 04:48:35'),
(7826, 5, 101, 1, 0, 0, 0, '2021-03-06 04:48:35', '2021-03-06 04:48:35'),
(7827, 5, 102, 1, 0, 0, 0, '2021-03-06 04:48:35', '2021-03-06 04:48:35'),
(7828, 5, 103, 1, 0, 0, 0, '2021-03-06 04:48:35', '2021-03-06 04:48:35'),
(7829, 5, 104, 1, 0, 0, 0, '2021-03-06 04:48:35', '2021-03-06 04:48:35'),
(7830, 5, 105, 1, 0, 0, 0, '2021-03-06 04:48:35', '2021-03-06 04:48:35'),
(7831, 5, 106, 1, 0, 0, 0, '2021-03-06 04:48:35', '2021-03-06 04:48:35'),
(7832, 5, 107, 1, 0, 0, 0, '2021-03-06 04:48:35', '2021-03-06 04:48:35'),
(7833, 5, 108, 1, 0, 0, 0, '2021-03-06 04:48:35', '2021-03-06 04:48:35'),
(7834, 5, 109, 1, 0, 0, 0, '2021-03-06 04:48:35', '2021-03-06 04:48:35'),
(7835, 5, 110, 1, 0, 0, 0, '2021-03-06 04:48:35', '2021-03-06 04:48:35'),
(7836, 5, 111, 1, 0, 0, 0, '2021-03-06 04:48:35', '2021-03-06 04:48:35'),
(7837, 5, 112, 1, 0, 0, 0, '2021-03-06 04:48:35', '2021-03-06 04:48:35'),
(7838, 5, 113, 1, 0, 0, 0, '2021-03-06 04:48:35', '2021-03-06 04:48:35'),
(7839, 5, 114, 1, 0, 0, 0, '2021-03-06 04:48:35', '2021-03-06 04:48:35'),
(7840, 5, 116, 1, 0, 0, 0, '2021-03-06 04:48:35', '2021-03-06 04:48:35'),
(7841, 5, 120, 1, 0, 0, 0, '2021-03-06 04:48:35', '2021-03-06 04:48:35'),
(7842, 5, 122, 1, 0, 0, 0, '2021-03-06 04:48:35', '2021-03-06 04:48:35'),
(7843, 5, 123, 1, 0, 0, 0, '2021-03-06 04:48:35', '2021-03-06 04:48:35'),
(7844, 5, 124, 1, 0, 0, 0, '2021-03-06 04:48:35', '2021-03-06 04:48:35'),
(7845, 5, 128, 1, 0, 0, 0, '2021-03-06 04:48:35', '2021-03-06 04:48:35'),
(7846, 5, 129, 1, 0, 0, 0, '2021-03-06 04:48:35', '2021-03-06 04:48:35'),
(7847, 5, 130, 1, 0, 0, 0, '2021-03-06 04:48:35', '2021-03-06 04:48:35'),
(7848, 5, 133, 1, 0, 0, 0, '2021-03-06 04:48:35', '2021-03-06 04:48:35'),
(7849, 5, 134, 1, 0, 0, 0, '2021-03-06 04:48:35', '2021-03-06 04:48:35'),
(7850, 5, 135, 1, 0, 0, 0, '2021-03-06 04:48:35', '2021-03-06 04:48:35'),
(7851, 5, 136, 1, 0, 0, 0, '2021-03-06 04:48:35', '2021-03-06 04:48:35'),
(7852, 5, 137, 1, 0, 0, 0, '2021-03-06 04:48:35', '2021-03-06 04:48:35'),
(7853, 5, 140, 1, 0, 0, 0, '2021-03-06 04:48:35', '2021-03-06 04:48:35'),
(7854, 5, 141, 1, 0, 0, 0, '2021-03-06 04:48:35', '2021-03-06 04:48:35'),
(7855, 5, 142, 1, 0, 0, 0, '2021-03-06 04:48:35', '2021-03-06 04:48:35'),
(7856, 5, 143, 1, 0, 0, 0, '2021-03-06 04:48:35', '2021-03-06 04:48:35'),
(7857, 5, 144, 1, 0, 0, 0, '2021-03-06 04:48:35', '2021-03-06 04:48:35'),
(7858, 5, 145, 1, 0, 0, 0, '2021-03-06 04:48:35', '2021-03-06 04:48:35'),
(7859, 5, 146, 1, 0, 0, 0, '2021-03-06 04:48:35', '2021-03-06 04:48:35'),
(7860, 5, 147, 1, 0, 0, 0, '2021-03-06 04:48:35', '2021-03-06 04:48:35'),
(7861, 5, 148, 1, 0, 0, 0, '2021-03-06 04:48:35', '2021-03-06 04:48:35'),
(7862, 5, 151, 1, 0, 0, 0, '2021-03-06 04:48:35', '2021-03-06 04:48:35'),
(7863, 5, 152, 1, 0, 0, 0, '2021-03-06 04:48:35', '2021-03-06 04:48:35'),
(7864, 5, 154, 1, 0, 0, 0, '2021-03-06 04:48:35', '2021-03-06 04:48:35'),
(7865, 5, 155, 1, 0, 0, 0, '2021-03-06 04:48:35', '2021-03-06 04:48:35'),
(7866, 5, 156, 1, 3, 0, 0, '2021-03-06 04:48:35', '2021-03-06 04:48:35'),
(7867, 5, 158, 1, 4, 0, 0, '2021-03-06 04:48:35', '2021-03-06 04:48:35'),
(7869, 5, 161, 1, 0, 0, 0, '2021-03-06 04:48:35', '2021-03-06 04:48:35'),
(7870, 5, 162, 1, 0, 0, 0, '2021-03-06 04:48:35', '2021-03-06 04:48:35'),
(7871, 5, 163, 1, 0, 0, 0, '2021-03-06 04:48:35', '2021-03-06 04:48:35'),
(7872, 5, 164, 1, 0, 0, 0, '2021-03-06 04:48:35', '2021-03-06 04:48:35'),
(7874, 5, 168, 1, 0, 0, 0, '2021-03-06 04:48:35', '2021-03-06 04:48:35'),
(7875, 5, 169, 1, 0, 0, 0, '2021-03-06 04:48:35', '2021-03-06 04:48:35'),
(7876, 5, 170, 1, 0, 0, 0, '2021-03-06 04:48:35', '2021-03-06 04:48:35'),
(7877, 5, 171, 1, 0, 0, 0, '2021-03-06 04:48:35', '2021-03-06 04:48:35'),
(7878, 5, 175, 1, 0, 0, 0, '2021-03-06 04:48:35', '2021-03-06 04:48:35'),
(7879, 5, 176, 1, 0, 0, 0, '2021-03-06 04:48:35', '2021-03-06 04:48:35'),
(7880, 5, 177, 1, 0, 0, 0, '2021-03-06 04:48:35', '2021-03-06 04:48:35'),
(7881, 5, 178, 1, 0, 0, 0, '2021-03-06 04:48:35', '2021-03-06 04:48:35'),
(7882, 5, 179, 1, 0, 0, 0, '2021-03-06 04:48:35', '2021-03-06 04:48:35'),
(7883, 5, 180, 1, 0, 0, 0, '2021-03-06 04:48:35', '2021-03-06 04:48:35'),
(7884, 5, 183, 1, 2, 0, 0, '2021-03-06 04:48:35', '2021-03-06 04:48:35'),
(7885, 5, 184, 1, 0, 0, 0, '2021-03-06 04:48:35', '2021-03-06 04:48:35'),
(7886, 5, 185, 1, 0, 0, 0, '2021-03-06 04:48:35', '2021-03-06 04:48:35'),
(7887, 5, 186, 1, 0, 0, 0, '2021-03-06 04:48:35', '2021-03-06 04:48:35'),
(7888, 5, 188, 1, 0, 0, 0, '2021-03-06 04:48:35', '2021-03-06 04:48:35'),
(7889, 5, 190, 1, 0, 0, 0, '2021-03-06 04:48:35', '2021-03-06 04:48:35'),
(7890, 5, 191, 1, 0, 0, 0, '2021-03-06 04:48:35', '2021-03-06 04:48:35'),
(7891, 5, 192, 1, 0, 0, 0, '2021-03-06 04:48:35', '2021-03-06 04:48:35'),
(7892, 5, 193, 1, 0, 0, 0, '2021-03-06 04:48:35', '2021-03-06 04:48:35'),
(7893, 5, 194, 1, 0, 0, 0, '2021-03-06 04:48:35', '2021-03-06 04:48:35'),
(7894, 5, 197, 1, 0, 0, 0, '2021-03-06 04:48:35', '2021-03-06 04:48:35'),
(7895, 5, 198, 1, 0, 0, 0, '2021-03-06 04:48:35', '2021-03-06 04:48:35'),
(7896, 5, 199, 1, 0, 0, 0, '2021-03-06 04:48:35', '2021-03-06 04:48:35'),
(7897, 5, 200, 1, 0, 0, 0, '2021-03-06 04:48:35', '2021-03-06 04:48:35'),
(7898, 5, 201, 1, 0, 0, 0, '2021-03-06 04:48:35', '2021-03-06 04:48:35'),
(7899, 5, 202, 1, 0, 0, 0, '2021-03-06 04:48:35', '2021-03-06 04:48:35'),
(7900, 5, 203, 1, 0, 0, 0, '2021-03-06 04:48:35', '2021-03-06 04:48:35'),
(7901, 5, 204, 1, 0, 0, 0, '2021-03-06 04:48:35', '2021-03-06 04:48:35'),
(7902, 5, 205, 1, 0, 0, 0, '2021-03-06 04:48:35', '2021-03-06 04:48:35'),
(7903, 5, 206, 1, 0, 0, 0, '2021-03-06 04:48:35', '2021-03-06 04:48:35'),
(7904, 5, 207, 1, 0, 0, 0, '2021-03-06 04:48:35', '2021-03-06 04:48:35'),
(7905, 5, 208, 1, 0, 0, 0, '2021-03-06 04:48:35', '2021-03-06 04:48:35'),
(7906, 5, 209, 1, 0, 0, 0, '2021-03-06 04:48:35', '2021-03-06 04:48:35'),
(7907, 5, 210, 1, 0, 0, 0, '2021-03-06 04:48:35', '2021-03-06 04:48:35'),
(7908, 5, 211, 1, 0, 0, 0, '2021-03-06 04:48:35', '2021-03-06 04:48:35'),
(7909, 5, 212, 1, 0, 0, 0, '2021-03-06 04:48:35', '2021-03-06 04:48:35'),
(7910, 5, 213, 1, 0, 0, 0, '2021-03-06 04:48:35', '2021-03-06 04:48:35'),
(7911, 5, 214, 1, 0, 0, 0, '2021-03-06 04:48:35', '2021-03-06 04:48:35'),
(7912, 5, 215, 1, 0, 0, 0, '2021-03-06 04:48:35', '2021-03-06 04:48:35'),
(7913, 5, 216, 1, 0, 0, 0, '2021-03-06 04:48:35', '2021-03-06 04:48:35'),
(7914, 5, 217, 1, 0, 0, 0, '2021-03-06 04:48:35', '2021-03-06 04:48:35'),
(7915, 5, 218, 1, 0, 0, 0, '2021-03-06 04:48:35', '2021-03-06 04:48:35'),
(7916, 5, 219, 1, 0, 0, 0, '2021-03-06 04:48:35', '2021-03-06 04:48:35'),
(7917, 5, 220, 1, 0, 0, 0, '2021-03-06 04:48:35', '2021-03-06 04:48:35'),
(7918, 5, 221, 1, 0, 0, 0, '2021-03-06 04:48:35', '2021-03-06 04:48:35'),
(7919, 5, 222, 1, 0, 0, 0, '2021-03-06 04:48:35', '2021-03-06 04:48:35'),
(7920, 5, 223, 1, 0, 0, 0, '2021-03-06 04:48:35', '2021-03-06 04:48:35'),
(7921, 5, 224, 1, 0, 0, 0, '2021-03-06 04:48:35', '2021-03-06 04:48:35'),
(7922, 5, 225, 1, 0, 0, 0, '2021-03-06 04:48:35', '2021-03-06 04:48:35'),
(7923, 5, 226, 1, 0, 0, 0, '2021-03-06 04:48:35', '2021-03-06 04:48:35'),
(7924, 5, 227, 1, 0, 0, 0, '2021-03-06 04:48:35', '2021-03-06 04:48:35'),
(7925, 5, 228, 1, 0, 0, 0, '2021-03-06 04:48:35', '2021-03-06 04:48:35'),
(7926, 5, 229, 1, 0, 0, 0, '2021-03-06 04:48:35', '2021-03-06 04:48:35'),
(7927, 5, 230, 1, 0, 0, 0, '2021-03-06 04:48:35', '2021-03-06 04:48:35'),
(7928, 5, 231, 1, 0, 0, 0, '2021-03-06 04:48:35', '2021-03-06 04:48:35'),
(7929, 5, 232, 1, 0, 0, 0, '2021-03-06 04:48:35', '2021-03-06 04:48:35'),
(7930, 5, 233, 1, 0, 0, 0, '2021-03-06 04:48:35', '2021-03-06 04:48:35'),
(7931, 5, 234, 1, 0, 0, 0, '2021-03-06 04:48:35', '2021-03-06 04:48:35'),
(7932, 5, 235, 1, 0, 0, 0, '2021-03-06 04:48:35', '2021-03-06 04:48:35'),
(7933, 5, 236, 1, 0, 0, 0, '2021-03-06 04:48:35', '2021-03-06 04:48:35'),
(7934, 5, 238, 1, 0, 0, 0, '2021-03-06 04:48:35', '2021-03-06 04:48:35'),
(7935, 5, 239, 1, 0, 0, 0, '2021-03-06 04:48:35', '2021-03-06 04:48:35'),
(7936, 5, 240, 1, 0, 0, 0, '2021-03-06 04:48:35', '2021-03-06 04:48:35'),
(7937, 5, 241, 1, 0, 0, 0, '2021-03-06 04:48:36', '2021-03-06 04:48:36'),
(7938, 5, 242, 1, 0, 0, 0, '2021-03-06 04:48:36', '2021-03-06 04:48:36'),
(7939, 5, 243, 1, 0, 0, 0, '2021-03-06 04:48:36', '2021-03-06 04:48:36'),
(7940, 5, 244, 1, 0, 0, 0, '2021-03-06 04:48:36', '2021-03-06 04:48:36'),
(7941, 5, 245, 1, 0, 0, 0, '2021-03-06 04:48:36', '2021-03-06 04:48:36'),
(7942, 5, 246, 1, 0, 0, 0, '2021-03-06 04:48:36', '2021-03-06 04:48:36'),
(7943, 5, 247, 1, 0, 0, 0, '2021-03-06 04:48:36', '2021-03-06 04:48:36'),
(7944, 5, 248, 1, 0, 0, 0, '2021-03-06 04:48:36', '2021-03-06 04:48:36'),
(7945, 5, 250, 1, 0, 0, 0, '2021-03-06 04:48:36', '2021-03-06 04:48:36'),
(7946, 5, 251, 1, 0, 0, 0, '2021-03-06 04:48:36', '2021-03-06 04:48:36'),
(7947, 5, 252, 1, 0, 0, 0, '2021-03-06 04:48:36', '2021-03-06 04:48:36'),
(7948, 5, 253, 1, 0, 0, 0, '2021-03-06 04:48:36', '2021-03-06 04:48:36'),
(7949, 5, 254, 1, 0, 0, 0, '2021-03-06 04:48:36', '2021-03-06 04:48:36'),
(7950, 5, 255, 1, 0, 0, 0, '2021-03-06 04:48:36', '2021-03-06 04:48:36'),
(7951, 5, 256, 1, 0, 0, 0, '2021-03-06 04:48:36', '2021-03-06 04:48:36'),
(7952, 5, 257, 1, 0, 0, 0, '2021-03-06 04:48:36', '2021-03-06 04:48:36'),
(7953, 5, 258, 1, 0, 0, 0, '2021-03-06 04:48:36', '2021-03-06 04:48:36'),
(7954, 5, 259, 1, 0, 0, 0, '2021-03-06 04:48:36', '2021-03-06 04:48:36'),
(7955, 5, 260, 1, 0, 0, 0, '2021-03-06 04:48:36', '2021-03-06 04:48:36'),
(7956, 5, 261, 1, 0, 0, 0, '2021-03-06 04:48:36', '2021-03-06 04:48:36'),
(7957, 5, 262, 1, 0, 0, 0, '2021-03-06 04:48:36', '2021-03-06 04:48:36'),
(7958, 5, 263, 1, 0, 0, 0, '2021-03-06 04:48:36', '2021-03-06 04:48:36'),
(7959, 5, 264, 1, 0, 0, 0, '2021-03-06 04:48:36', '2021-03-06 04:48:36'),
(7960, 5, 265, 1, 0, 0, 0, '2021-03-06 04:48:36', '2021-03-06 04:48:36'),
(7961, 5, 266, 1, 0, 0, 0, '2021-03-06 04:48:36', '2021-03-06 04:48:36'),
(7962, 5, 267, 1, 0, 0, 0, '2021-03-06 04:48:36', '2021-03-06 04:48:36'),
(7963, 5, 268, 1, 0, 0, 0, '2021-03-06 04:48:36', '2021-03-06 04:48:36'),
(7964, 5, 269, 1, 0, 0, 0, '2021-03-06 04:48:36', '2021-03-06 04:48:36'),
(7965, 5, 270, 1, 0, 0, 0, '2021-03-06 04:48:36', '2021-03-06 04:48:36'),
(7966, 5, 271, 1, 0, 0, 0, '2021-03-06 04:48:36', '2021-03-06 04:48:36'),
(7967, 5, 272, 1, 0, 0, 0, '2021-03-06 04:48:36', '2021-03-06 04:48:36'),
(7968, 5, 273, 1, 0, 0, 0, '2021-03-06 04:48:36', '2021-03-06 04:48:36'),
(7969, 5, 274, 1, 0, 0, 0, '2021-03-06 04:48:36', '2021-03-06 04:48:36'),
(7970, 5, 275, 1, 0, 0, 0, '2021-03-06 04:48:36', '2021-03-06 04:48:36'),
(7971, 5, 276, 1, 0, 0, 0, '2021-03-06 04:48:36', '2021-03-06 04:48:36'),
(7972, 5, 277, 1, 0, 0, 0, '2021-03-06 04:48:36', '2021-03-06 04:48:36'),
(7973, 5, 278, 1, 0, 0, 0, '2021-03-06 04:48:36', '2021-03-06 04:48:36'),
(7974, 5, 279, 1, 0, 0, 0, '2021-03-06 04:48:36', '2021-03-06 04:48:36'),
(7975, 5, 280, 1, 11, 0, 0, '2021-03-06 04:48:36', '2021-03-06 04:48:36'),
(7976, 5, 281, 1, 0, 0, 0, '2021-03-06 04:48:36', '2021-03-06 04:48:36'),
(7977, 5, 282, 1, 0, 0, 0, '2021-03-06 04:48:36', '2021-03-06 04:48:36'),
(7978, 5, 283, 1, 0, 0, 0, '2021-03-06 04:48:36', '2021-03-06 04:48:36'),
(7979, 5, 284, 1, 0, 0, 0, '2021-03-06 04:48:36', '2021-03-06 04:48:36'),
(7980, 5, 285, 1, 0, 0, 0, '2021-03-06 04:48:36', '2021-03-06 04:48:36'),
(7981, 5, 286, 1, 0, 0, 0, '2021-03-06 04:48:36', '2021-03-06 04:48:36'),
(7982, 5, 287, 1, 0, 0, 0, '2021-03-06 04:48:36', '2021-03-06 04:48:36'),
(7983, 5, 288, 1, 0, 0, 0, '2021-03-06 04:48:36', '2021-03-06 04:48:36'),
(7984, 5, 289, 1, 0, 0, 0, '2021-03-06 04:48:36', '2021-03-06 04:48:36'),
(7985, 5, 290, 1, 0, 0, 0, '2021-03-06 04:48:36', '2021-03-06 04:48:36'),
(7986, 5, 291, 1, 0, 0, 0, '2021-03-06 04:48:36', '2021-03-06 04:48:36'),
(7987, 5, 292, 1, 0, 0, 0, '2021-03-06 04:48:36', '2021-03-06 04:48:36'),
(7988, 5, 293, 1, 0, 0, 0, '2021-03-06 04:48:36', '2021-03-06 04:48:36'),
(7989, 5, 294, 1, 0, 0, 0, '2021-03-06 04:48:36', '2021-03-06 04:48:36'),
(7990, 5, 295, 1, 0, 0, 0, '2021-03-06 04:48:36', '2021-03-06 04:48:36'),
(7991, 5, 296, 1, 0, 0, 0, '2021-03-06 04:48:36', '2021-03-06 04:48:36'),
(7992, 5, 297, 1, 0, 0, 0, '2021-03-06 04:48:36', '2021-03-06 04:48:36'),
(7993, 5, 298, 1, 0, 0, 0, '2021-03-06 04:48:36', '2021-03-06 04:48:36'),
(7994, 5, 299, 1, 0, 0, 0, '2021-03-06 04:48:36', '2021-03-06 04:48:36'),
(7995, 5, 300, 1, 0, 0, 0, '2021-03-06 04:48:36', '2021-03-06 04:48:36'),
(7996, 5, 301, 1, 0, 0, 0, '2021-03-06 04:48:36', '2021-03-06 04:48:36'),
(7997, 5, 302, 1, 0, 0, 0, '2021-03-06 04:48:36', '2021-03-06 04:48:36'),
(7999, 5, 304, 1, 0, 0, 0, '2021-03-06 04:48:36', '2021-03-06 04:48:36'),
(8002, 5, 307, 1, 0, 0, 0, '2021-03-06 04:48:36', '2021-03-06 04:48:36'),
(8003, 5, 308, 1, 0, 0, 0, '2021-03-06 04:48:36', '2021-03-06 04:48:36'),
(8004, 5, 309, 1, 0, 0, 0, '2021-03-06 04:48:36', '2021-03-06 04:48:36'),
(8005, 5, 310, 1, 0, 0, 0, '2021-03-06 04:48:36', '2021-03-06 04:48:36'),
(8006, 5, 311, 1, 0, 0, 0, '2021-03-06 04:48:36', '2021-03-06 04:48:36'),
(8007, 5, 312, 1, 0, 0, 0, '2021-03-06 04:48:36', '2021-03-06 04:48:36'),
(8008, 5, 313, 1, 0, 0, 0, '2021-03-06 04:48:36', '2021-03-06 04:48:36'),
(8009, 5, 314, 1, 0, 0, 0, '2021-03-06 04:48:36', '2021-03-06 04:48:36'),
(8010, 5, 315, 1, 0, 0, 0, '2021-03-06 04:48:36', '2021-03-06 04:48:36'),
(8011, 5, 316, 1, 0, 0, 0, '2021-03-06 04:48:36', '2021-03-06 04:48:36'),
(8193, 5, 303, 1, 0, 0, 0, '2021-04-17 05:57:31', '2021-04-17 05:57:31'),
(9046, 4, 58, 1, 0, 0, 0, '2021-05-13 05:30:47', '2021-05-13 05:30:47'),
(9047, 5, 58, 1, 0, 0, 0, '2021-05-13 05:30:47', '2021-05-13 05:30:47'),
(9051, 4, 59, 1, 0, 0, 0, '2021-05-13 05:30:54', '2021-05-13 05:30:54'),
(9052, 5, 59, 1, 0, 0, 0, '2021-05-13 05:30:54', '2021-05-13 05:30:54'),
(9055, 4, 159, 1, 0, 0, 0, '2021-05-13 05:31:00', '2021-05-13 05:31:00'),
(9056, 5, 159, 1, 0, 0, 0, '2021-05-13 05:31:00', '2021-05-13 05:31:00'),
(9059, 4, 165, 1, 0, 0, 0, '2021-05-13 05:31:11', '2021-05-13 05:31:11'),
(9060, 5, 165, 1, 0, 0, 0, '2021-05-13 05:31:11', '2021-05-13 05:31:11'),
(11518, 6, 2, 1, 0, 0, 0, '2021-05-13 07:05:24', '2021-05-13 07:05:24'),
(11520, 6, 7, 1, 0, 0, 0, '2021-05-13 07:05:24', '2021-05-13 07:05:24'),
(11521, 6, 8, 1, 0, 0, 0, '2021-05-13 07:05:24', '2021-05-13 07:05:24'),
(11522, 6, 9, 1, 0, 0, 0, '2021-05-13 07:05:24', '2021-05-13 07:05:24'),
(11523, 6, 10, 1, 0, 0, 0, '2021-05-13 07:05:24', '2021-05-13 07:05:24'),
(11524, 6, 11, 1, 0, 0, 0, '2021-05-13 07:05:24', '2021-05-13 07:05:24'),
(11525, 6, 12, 1, 0, 0, 0, '2021-05-13 07:05:24', '2021-05-13 07:05:24'),
(11526, 6, 13, 1, 0, 0, 0, '2021-05-13 07:05:24', '2021-05-13 07:05:24'),
(11527, 6, 14, 1, 0, 0, 0, '2021-05-13 07:05:24', '2021-05-13 07:05:24'),
(11528, 6, 15, 1, 0, 0, 0, '2021-05-13 07:05:24', '2021-05-13 07:05:24'),
(11529, 6, 16, 1, 0, 0, 0, '2021-05-13 07:05:24', '2021-05-13 07:05:24'),
(11530, 6, 18, 1, 0, 0, 0, '2021-05-13 07:05:24', '2021-05-13 07:05:24'),
(11531, 6, 19, 1, 0, 0, 0, '2021-05-13 07:05:24', '2021-05-13 07:05:24'),
(11532, 6, 20, 1, 0, 0, 0, '2021-05-13 07:05:24', '2021-05-13 07:05:24'),
(11533, 6, 21, 1, 0, 0, 0, '2021-05-13 07:05:24', '2021-05-13 07:05:24'),
(11534, 6, 22, 1, 0, 0, 0, '2021-05-13 07:05:24', '2021-05-13 07:05:24'),
(11535, 6, 23, 1, 0, 0, 0, '2021-05-13 07:05:24', '2021-05-13 07:05:24'),
(11536, 6, 24, 1, 0, 0, 0, '2021-05-13 07:05:24', '2021-05-13 07:05:24'),
(11537, 6, 25, 1, 0, 0, 0, '2021-05-13 07:05:24', '2021-05-13 07:05:24'),
(11538, 6, 26, 1, 0, 0, 0, '2021-05-13 07:05:24', '2021-05-13 07:05:24'),
(11539, 6, 27, 1, 0, 0, 0, '2021-05-13 07:05:24', '2021-05-13 07:05:24'),
(11540, 6, 28, 1, 0, 0, 0, '2021-05-13 07:05:24', '2021-05-13 07:05:24'),
(11541, 6, 29, 1, 0, 0, 0, '2021-05-13 07:05:24', '2021-05-13 07:05:24'),
(11542, 6, 30, 1, 0, 0, 0, '2021-05-13 07:05:24', '2021-05-13 07:05:24'),
(11543, 6, 31, 1, 0, 0, 0, '2021-05-13 07:05:24', '2021-05-13 07:05:24'),
(11544, 6, 32, 1, 0, 0, 0, '2021-05-13 07:05:24', '2021-05-13 07:05:24'),
(11545, 6, 33, 1, 0, 0, 0, '2021-05-13 07:05:24', '2021-05-13 07:05:24'),
(11546, 6, 34, 1, 0, 0, 0, '2021-05-13 07:05:24', '2021-05-13 07:05:24'),
(11547, 6, 35, 1, 0, 0, 0, '2021-05-13 07:05:24', '2021-05-13 07:05:24'),
(11548, 6, 36, 1, 0, 0, 0, '2021-05-13 07:05:24', '2021-05-13 07:05:24'),
(11549, 6, 37, 1, 0, 0, 0, '2021-05-13 07:05:24', '2021-05-13 07:05:24'),
(11550, 6, 38, 1, 0, 0, 0, '2021-05-13 07:05:24', '2021-05-13 07:05:24'),
(11551, 6, 39, 1, 0, 0, 0, '2021-05-13 07:05:24', '2021-05-13 07:05:24'),
(11552, 6, 40, 1, 0, 0, 0, '2021-05-13 07:05:24', '2021-05-13 07:05:24'),
(11553, 6, 41, 1, 0, 0, 0, '2021-05-13 07:05:24', '2021-05-13 07:05:24'),
(11554, 6, 42, 1, 0, 0, 0, '2021-05-13 07:05:24', '2021-05-13 07:05:24'),
(11555, 6, 43, 1, 0, 0, 0, '2021-05-13 07:05:24', '2021-05-13 07:05:24'),
(11556, 6, 44, 1, 0, 0, 0, '2021-05-13 07:05:24', '2021-05-13 07:05:24'),
(11557, 6, 45, 1, 0, 0, 0, '2021-05-13 07:05:24', '2021-05-13 07:05:24'),
(11558, 6, 46, 1, 0, 0, 0, '2021-05-13 07:05:24', '2021-05-13 07:05:24'),
(11559, 6, 47, 1, 0, 0, 0, '2021-05-13 07:05:24', '2021-05-13 07:05:24'),
(11560, 6, 48, 1, 0, 0, 0, '2021-05-13 07:05:24', '2021-05-13 07:05:24'),
(11561, 6, 50, 1, 0, 0, 0, '2021-05-13 07:05:24', '2021-05-13 07:05:24'),
(11562, 6, 52, 1, 0, 0, 0, '2021-05-13 07:05:24', '2021-05-13 07:05:24'),
(11563, 6, 53, 1, 0, 0, 0, '2021-05-13 07:05:24', '2021-05-13 07:05:24'),
(11564, 6, 54, 1, 0, 0, 0, '2021-05-13 07:05:24', '2021-05-13 07:05:24'),
(11565, 6, 55, 1, 0, 0, 0, '2021-05-13 07:05:24', '2021-05-13 07:05:24'),
(11566, 6, 56, 1, 0, 0, 0, '2021-05-13 07:05:24', '2021-05-13 07:05:24'),
(11567, 6, 57, 1, 0, 0, 0, '2021-05-13 07:05:24', '2021-05-13 07:05:24'),
(11568, 6, 58, 1, 0, 0, 0, '2021-05-13 07:05:24', '2021-05-13 07:05:24'),
(11569, 6, 59, 1, 0, 0, 0, '2021-05-13 07:05:24', '2021-05-13 07:05:24'),
(11570, 6, 60, 1, 0, 0, 0, '2021-05-13 07:05:24', '2021-05-13 07:05:24'),
(11571, 6, 61, 1, 0, 0, 0, '2021-05-13 07:05:24', '2021-05-13 07:05:24'),
(11572, 6, 62, 1, 0, 0, 0, '2021-05-13 07:05:24', '2021-05-13 07:05:24'),
(11573, 6, 63, 1, 0, 0, 0, '2021-05-13 07:05:24', '2021-05-13 07:05:24'),
(11574, 6, 66, 1, 0, 0, 0, '2021-05-13 07:05:24', '2021-05-13 07:05:24'),
(11575, 6, 67, 1, 0, 0, 0, '2021-05-13 07:05:24', '2021-05-13 07:05:24'),
(11576, 6, 68, 1, 0, 0, 0, '2021-05-13 07:05:24', '2021-05-13 07:05:24'),
(11577, 6, 69, 1, 0, 0, 0, '2021-05-13 07:05:24', '2021-05-13 07:05:24'),
(11578, 6, 70, 1, 0, 0, 0, '2021-05-13 07:05:24', '2021-05-13 07:05:24'),
(11579, 6, 71, 1, 0, 0, 0, '2021-05-13 07:05:24', '2021-05-13 07:05:24'),
(11580, 6, 72, 1, 0, 0, 0, '2021-05-13 07:05:24', '2021-05-13 07:05:24'),
(11581, 6, 73, 1, 0, 0, 0, '2021-05-13 07:05:24', '2021-05-13 07:05:24'),
(11582, 6, 74, 1, 0, 0, 0, '2021-05-13 07:05:24', '2021-05-13 07:05:24'),
(11583, 6, 75, 1, 0, 0, 0, '2021-05-13 07:05:24', '2021-05-13 07:05:24'),
(11584, 6, 76, 1, 0, 0, 0, '2021-05-13 07:05:24', '2021-05-13 07:05:24'),
(11585, 6, 77, 1, 0, 0, 0, '2021-05-13 07:05:24', '2021-05-13 07:05:24'),
(11586, 6, 78, 1, 0, 0, 0, '2021-05-13 07:05:24', '2021-05-13 07:05:24'),
(11587, 6, 79, 1, 0, 0, 0, '2021-05-13 07:05:24', '2021-05-13 07:05:24'),
(11588, 6, 80, 1, 0, 0, 0, '2021-05-13 07:05:24', '2021-05-13 07:05:24'),
(11589, 6, 81, 1, 0, 0, 0, '2021-05-13 07:05:24', '2021-05-13 07:05:24'),
(11590, 6, 82, 1, 0, 0, 0, '2021-05-13 07:05:24', '2021-05-13 07:05:24'),
(11591, 6, 83, 1, 0, 0, 0, '2021-05-13 07:05:24', '2021-05-13 07:05:24'),
(11592, 6, 84, 1, 0, 0, 0, '2021-05-13 07:05:24', '2021-05-13 07:05:24'),
(11593, 6, 85, 1, 0, 0, 0, '2021-05-13 07:05:24', '2021-05-13 07:05:24'),
(11594, 6, 86, 1, 0, 0, 0, '2021-05-13 07:05:24', '2021-05-13 07:05:24'),
(11595, 6, 87, 1, 0, 0, 0, '2021-05-13 07:05:24', '2021-05-13 07:05:24'),
(11596, 6, 88, 1, 0, 0, 0, '2021-05-13 07:05:24', '2021-05-13 07:05:24'),
(11597, 6, 89, 1, 0, 0, 0, '2021-05-13 07:05:24', '2021-05-13 07:05:24'),
(11598, 6, 90, 1, 0, 0, 0, '2021-05-13 07:05:24', '2021-05-13 07:05:24'),
(11599, 6, 91, 1, 0, 0, 0, '2021-05-13 07:05:24', '2021-05-13 07:05:24'),
(11600, 6, 92, 1, 0, 0, 0, '2021-05-13 07:05:24', '2021-05-13 07:05:24'),
(11601, 6, 93, 1, 0, 0, 0, '2021-05-13 07:05:24', '2021-05-13 07:05:24'),
(11602, 6, 94, 1, 0, 0, 0, '2021-05-13 07:05:24', '2021-05-13 07:05:24'),
(11603, 6, 96, 1, 0, 0, 0, '2021-05-13 07:05:24', '2021-05-13 07:05:24'),
(11604, 6, 97, 1, 0, 0, 0, '2021-05-13 07:05:24', '2021-05-13 07:05:24'),
(11605, 6, 98, 1, 0, 0, 0, '2021-05-13 07:05:24', '2021-05-13 07:05:24'),
(11606, 6, 99, 1, 0, 0, 0, '2021-05-13 07:05:24', '2021-05-13 07:05:24'),
(11607, 6, 100, 1, 0, 0, 0, '2021-05-13 07:05:24', '2021-05-13 07:05:24'),
(11608, 6, 101, 1, 0, 0, 0, '2021-05-13 07:05:24', '2021-05-13 07:05:24'),
(11609, 6, 102, 1, 0, 0, 0, '2021-05-13 07:05:24', '2021-05-13 07:05:24'),
(11610, 6, 103, 1, 0, 0, 0, '2021-05-13 07:05:24', '2021-05-13 07:05:24'),
(11611, 6, 104, 1, 0, 0, 0, '2021-05-13 07:05:24', '2021-05-13 07:05:24'),
(11612, 6, 105, 1, 0, 0, 0, '2021-05-13 07:05:24', '2021-05-13 07:05:24'),
(11613, 6, 106, 1, 9, 0, 0, '2021-05-13 07:05:24', '2021-05-13 07:05:24'),
(11614, 6, 107, 1, 0, 0, 0, '2021-05-13 07:05:24', '2021-05-13 07:05:24'),
(11615, 6, 108, 1, 0, 0, 0, '2021-05-13 07:05:24', '2021-05-13 07:05:24'),
(11616, 6, 109, 1, 0, 0, 0, '2021-05-13 07:05:24', '2021-05-13 07:05:24'),
(11617, 6, 110, 1, 0, 0, 0, '2021-05-13 07:05:24', '2021-05-13 07:05:24'),
(11618, 6, 111, 1, 0, 0, 0, '2021-05-13 07:05:24', '2021-05-13 07:05:24'),
(11619, 6, 112, 1, 0, 0, 0, '2021-05-13 07:05:24', '2021-05-13 07:05:24'),
(11620, 6, 113, 1, 0, 0, 0, '2021-05-13 07:05:24', '2021-05-13 07:05:24'),
(11621, 6, 114, 1, 0, 0, 0, '2021-05-13 07:05:24', '2021-05-13 07:05:24'),
(11622, 6, 115, 1, 0, 0, 0, '2021-05-13 07:05:24', '2021-05-13 07:05:24'),
(11623, 6, 116, 1, 0, 0, 0, '2021-05-13 07:05:24', '2021-05-13 07:05:24'),
(11624, 6, 117, 1, 0, 0, 0, '2021-05-13 07:05:24', '2021-05-13 07:05:24'),
(11625, 6, 118, 1, 0, 0, 0, '2021-05-13 07:05:24', '2021-05-13 07:05:24'),
(11626, 6, 119, 1, 0, 0, 0, '2021-05-13 07:05:24', '2021-05-13 07:05:24'),
(11627, 6, 120, 1, 0, 0, 0, '2021-05-13 07:05:24', '2021-05-13 07:05:24'),
(11628, 6, 121, 1, 0, 0, 0, '2021-05-13 07:05:24', '2021-05-13 07:05:24'),
(11629, 6, 122, 1, 0, 0, 0, '2021-05-13 07:05:24', '2021-05-13 07:05:24'),
(11630, 6, 123, 1, 0, 0, 0, '2021-05-13 07:05:24', '2021-05-13 07:05:24'),
(11631, 6, 124, 1, 0, 0, 0, '2021-05-13 07:05:24', '2021-05-13 07:05:24'),
(11632, 6, 125, 1, 0, 0, 0, '2021-05-13 07:05:24', '2021-05-13 07:05:24'),
(11633, 6, 126, 1, 0, 0, 0, '2021-05-13 07:05:24', '2021-05-13 07:05:24'),
(11634, 6, 127, 1, 0, 0, 0, '2021-05-13 07:05:24', '2021-05-13 07:05:24'),
(11635, 6, 128, 1, 0, 0, 0, '2021-05-13 07:05:24', '2021-05-13 07:05:24'),
(11636, 6, 129, 1, 0, 0, 0, '2021-05-13 07:05:24', '2021-05-13 07:05:24'),
(11637, 6, 130, 1, 0, 0, 0, '2021-05-13 07:05:24', '2021-05-13 07:05:24'),
(11638, 6, 131, 1, 0, 0, 0, '2021-05-13 07:05:24', '2021-05-13 07:05:24'),
(11639, 6, 132, 1, 0, 0, 0, '2021-05-13 07:05:24', '2021-05-13 07:05:24'),
(11640, 6, 133, 1, 3, 0, 0, '2021-05-13 07:05:24', '2021-05-13 07:05:24'),
(11641, 6, 134, 1, 5, 0, 0, '2021-05-13 07:05:24', '2021-05-13 07:05:24'),
(11642, 6, 135, 1, 0, 0, 0, '2021-05-13 07:05:24', '2021-05-13 07:05:24'),
(11643, 6, 136, 1, 0, 0, 0, '2021-05-13 07:05:24', '2021-05-13 07:05:24'),
(11644, 6, 137, 1, 0, 0, 0, '2021-05-13 07:05:24', '2021-05-13 07:05:24'),
(11645, 6, 138, 1, 0, 0, 0, '2021-05-13 07:05:24', '2021-05-13 07:05:24'),
(11646, 6, 139, 1, 0, 0, 0, '2021-05-13 07:05:24', '2021-05-13 07:05:24'),
(11647, 6, 140, 1, 0, 0, 0, '2021-05-13 07:05:24', '2021-05-13 07:05:24'),
(11648, 6, 141, 1, 0, 0, 0, '2021-05-13 07:05:24', '2021-05-13 07:05:24'),
(11649, 6, 142, 1, 0, 0, 0, '2021-05-13 07:05:24', '2021-05-13 07:05:24'),
(11650, 6, 143, 1, 0, 0, 0, '2021-05-13 07:05:24', '2021-05-13 07:05:24'),
(11651, 6, 144, 1, 0, 0, 0, '2021-05-13 07:05:24', '2021-05-13 07:05:24'),
(11652, 6, 145, 1, 0, 0, 0, '2021-05-13 07:05:24', '2021-05-13 07:05:24'),
(11653, 6, 146, 1, 0, 0, 0, '2021-05-13 07:05:24', '2021-05-13 07:05:24'),
(11654, 6, 147, 1, 7, 0, 0, '2021-05-13 07:05:24', '2021-05-13 07:05:24'),
(11655, 6, 148, 1, 0, 0, 0, '2021-05-13 07:05:24', '2021-05-13 07:05:24'),
(11656, 6, 149, 1, 0, 0, 0, '2021-05-13 07:05:24', '2021-05-13 07:05:24'),
(11657, 6, 150, 1, 0, 0, 0, '2021-05-13 07:05:24', '2021-05-13 07:05:24'),
(11658, 6, 151, 1, 0, 0, 0, '2021-05-13 07:05:24', '2021-05-13 07:05:24'),
(11659, 6, 152, 1, 0, 0, 0, '2021-05-13 07:05:24', '2021-05-13 07:05:24'),
(11660, 6, 153, 1, 10, 0, 0, '2021-05-13 07:05:24', '2021-05-13 07:05:24'),
(11661, 6, 154, 1, 6, 0, 0, '2021-05-13 07:05:24', '2021-05-13 07:05:24'),
(11662, 6, 155, 1, 8, 0, 0, '2021-05-13 07:05:24', '2021-05-13 07:05:24'),
(11663, 6, 156, 1, 0, 0, 0, '2021-05-13 07:05:24', '2021-05-13 07:05:24'),
(11664, 6, 157, 1, 0, 0, 0, '2021-05-13 07:05:24', '2021-05-13 07:05:24'),
(11665, 6, 158, 1, 0, 0, 0, '2021-05-13 07:05:24', '2021-05-13 07:05:24'),
(11666, 6, 159, 1, 0, 0, 0, '2021-05-13 07:05:24', '2021-05-13 07:05:24'),
(11667, 6, 160, 1, 1, 0, 0, '2021-05-13 07:05:24', '2021-05-13 07:05:24'),
(11668, 6, 161, 1, 0, 0, 0, '2021-05-13 07:05:24', '2021-05-13 07:05:24'),
(11669, 6, 162, 1, 0, 0, 0, '2021-05-13 07:05:24', '2021-05-13 07:05:24'),
(11670, 6, 163, 1, 0, 0, 0, '2021-05-13 07:05:24', '2021-05-13 07:05:24'),
(11671, 6, 164, 1, 0, 0, 0, '2021-05-13 07:05:24', '2021-05-13 07:05:24'),
(11672, 6, 165, 1, 0, 0, 0, '2021-05-13 07:05:24', '2021-05-13 07:05:24'),
(11673, 6, 166, 1, 0, 0, 0, '2021-05-13 07:05:24', '2021-05-13 07:05:24'),
(11674, 6, 167, 1, 0, 0, 0, '2021-05-13 07:05:24', '2021-05-13 07:05:24'),
(11675, 6, 168, 1, 0, 0, 0, '2021-05-13 07:05:24', '2021-05-13 07:05:24'),
(11676, 6, 169, 1, 0, 0, 0, '2021-05-13 07:05:24', '2021-05-13 07:05:24'),
(11677, 6, 170, 1, 0, 0, 0, '2021-05-13 07:05:24', '2021-05-13 07:05:24'),
(11678, 6, 171, 1, 0, 0, 0, '2021-05-13 07:05:24', '2021-05-13 07:05:24'),
(11679, 6, 172, 1, 0, 0, 0, '2021-05-13 07:05:24', '2021-05-13 07:05:24'),
(11680, 6, 173, 1, 0, 0, 0, '2021-05-13 07:05:24', '2021-05-13 07:05:24'),
(11681, 6, 174, 1, 0, 0, 0, '2021-05-13 07:05:24', '2021-05-13 07:05:24'),
(11682, 6, 175, 1, 0, 0, 0, '2021-05-13 07:05:24', '2021-05-13 07:05:24'),
(11683, 6, 176, 1, 0, 0, 0, '2021-05-13 07:05:24', '2021-05-13 07:05:24'),
(11684, 6, 177, 1, 0, 0, 0, '2021-05-13 07:05:24', '2021-05-13 07:05:24'),
(11685, 6, 178, 1, 0, 0, 0, '2021-05-13 07:05:24', '2021-05-13 07:05:24'),
(11686, 6, 179, 1, 0, 0, 0, '2021-05-13 07:05:24', '2021-05-13 07:05:24'),
(11687, 6, 180, 1, 0, 0, 0, '2021-05-13 07:05:24', '2021-05-13 07:05:24'),
(11688, 6, 181, 1, 0, 0, 0, '2021-05-13 07:05:24', '2021-05-13 07:05:24'),
(11689, 6, 182, 1, 0, 0, 0, '2021-05-13 07:05:24', '2021-05-13 07:05:24'),
(11690, 6, 183, 1, 2, 0, 0, '2021-05-13 07:05:24', '2021-05-13 07:05:24'),
(11691, 6, 184, 1, 0, 0, 0, '2021-05-13 07:05:24', '2021-05-13 07:05:24'),
(11692, 6, 185, 1, 0, 0, 0, '2021-05-13 07:05:24', '2021-05-13 07:05:24'),
(11693, 6, 186, 1, 0, 0, 0, '2021-05-13 07:05:24', '2021-05-13 07:05:24'),
(11694, 6, 187, 1, 0, 0, 0, '2021-05-13 07:05:24', '2021-05-13 07:05:24'),
(11695, 6, 188, 1, 0, 0, 0, '2021-05-13 07:05:24', '2021-05-13 07:05:24'),
(11696, 6, 189, 1, 0, 0, 0, '2021-05-13 07:05:24', '2021-05-13 07:05:24'),
(11697, 6, 190, 1, 0, 0, 0, '2021-05-13 07:05:24', '2021-05-13 07:05:24'),
(11698, 6, 191, 1, 0, 0, 0, '2021-05-13 07:05:24', '2021-05-13 07:05:24'),
(11699, 6, 192, 1, 0, 0, 0, '2021-05-13 07:05:24', '2021-05-13 07:05:24'),
(11700, 6, 193, 1, 0, 0, 0, '2021-05-13 07:05:24', '2021-05-13 07:05:24'),
(11701, 6, 194, 1, 0, 0, 0, '2021-05-13 07:05:24', '2021-05-13 07:05:24'),
(11702, 6, 195, 1, 0, 0, 0, '2021-05-13 07:05:24', '2021-05-13 07:05:24'),
(11703, 6, 196, 1, 0, 0, 0, '2021-05-13 07:05:24', '2021-05-13 07:05:24'),
(11704, 6, 197, 1, 0, 0, 0, '2021-05-13 07:05:24', '2021-05-13 07:05:24'),
(11705, 6, 198, 1, 0, 0, 0, '2021-05-13 07:05:24', '2021-05-13 07:05:24'),
(11706, 6, 199, 1, 0, 0, 0, '2021-05-13 07:05:24', '2021-05-13 07:05:24'),
(11707, 6, 200, 1, 0, 0, 0, '2021-05-13 07:05:24', '2021-05-13 07:05:24'),
(11708, 6, 201, 1, 0, 0, 0, '2021-05-13 07:05:24', '2021-05-13 07:05:24'),
(11709, 6, 202, 1, 0, 0, 0, '2021-05-13 07:05:24', '2021-05-13 07:05:24'),
(11710, 6, 203, 1, 0, 0, 0, '2021-05-13 07:05:24', '2021-05-13 07:05:24'),
(11711, 6, 204, 1, 0, 0, 0, '2021-05-13 07:05:24', '2021-05-13 07:05:24'),
(11712, 6, 205, 1, 0, 0, 0, '2021-05-13 07:05:24', '2021-05-13 07:05:24'),
(11713, 6, 206, 1, 0, 0, 0, '2021-05-13 07:05:24', '2021-05-13 07:05:24'),
(11714, 6, 207, 1, 0, 0, 0, '2021-05-13 07:05:24', '2021-05-13 07:05:24'),
(11715, 6, 208, 1, 0, 0, 0, '2021-05-13 07:05:24', '2021-05-13 07:05:24'),
(11716, 6, 209, 1, 0, 0, 0, '2021-05-13 07:05:24', '2021-05-13 07:05:24'),
(11717, 6, 210, 1, 0, 0, 0, '2021-05-13 07:05:24', '2021-05-13 07:05:24'),
(11718, 6, 211, 1, 0, 0, 0, '2021-05-13 07:05:24', '2021-05-13 07:05:24'),
(11719, 6, 212, 1, 0, 0, 0, '2021-05-13 07:05:24', '2021-05-13 07:05:24'),
(11720, 6, 213, 1, 0, 0, 0, '2021-05-13 07:05:24', '2021-05-13 07:05:24'),
(11721, 6, 214, 1, 0, 0, 0, '2021-05-13 07:05:24', '2021-05-13 07:05:24'),
(11722, 6, 215, 1, 0, 0, 0, '2021-05-13 07:05:24', '2021-05-13 07:05:24'),
(11723, 6, 216, 1, 0, 0, 0, '2021-05-13 07:05:24', '2021-05-13 07:05:24'),
(11724, 6, 217, 1, 0, 0, 0, '2021-05-13 07:05:24', '2021-05-13 07:05:24'),
(11725, 6, 218, 1, 0, 0, 0, '2021-05-13 07:05:24', '2021-05-13 07:05:24'),
(11726, 6, 219, 1, 0, 0, 0, '2021-05-13 07:05:24', '2021-05-13 07:05:24'),
(11727, 6, 220, 1, 0, 0, 0, '2021-05-13 07:05:24', '2021-05-13 07:05:24'),
(11728, 6, 221, 1, 0, 0, 0, '2021-05-13 07:05:24', '2021-05-13 07:05:24'),
(11729, 6, 222, 1, 4, 0, 0, '2021-05-13 07:05:24', '2021-05-13 07:05:24'),
(11730, 6, 223, 1, 0, 0, 0, '2021-05-13 07:05:24', '2021-05-13 07:05:24'),
(11731, 6, 224, 1, 0, 0, 0, '2021-05-13 07:05:24', '2021-05-13 07:05:24'),
(11732, 6, 225, 1, 0, 0, 0, '2021-05-13 07:05:24', '2021-05-13 07:05:24'),
(11733, 6, 226, 1, 0, 0, 0, '2021-05-13 07:05:24', '2021-05-13 07:05:24'),
(11734, 6, 227, 1, 0, 0, 0, '2021-05-13 07:05:24', '2021-05-13 07:05:24'),
(11735, 6, 228, 1, 0, 0, 0, '2021-05-13 07:05:24', '2021-05-13 07:05:24'),
(11736, 6, 229, 1, 0, 0, 0, '2021-05-13 07:05:24', '2021-05-13 07:05:24'),
(11737, 6, 230, 1, 0, 0, 0, '2021-05-13 07:05:24', '2021-05-13 07:05:24'),
(11738, 6, 231, 1, 0, 0, 0, '2021-05-13 07:05:24', '2021-05-13 07:05:24'),
(11739, 6, 232, 1, 0, 0, 0, '2021-05-13 07:05:24', '2021-05-13 07:05:24'),
(11740, 6, 233, 1, 0, 0, 0, '2021-05-13 07:05:24', '2021-05-13 07:05:24'),
(11741, 6, 234, 1, 0, 0, 0, '2021-05-13 07:05:24', '2021-05-13 07:05:24'),
(11742, 6, 235, 1, 0, 0, 0, '2021-05-13 07:05:24', '2021-05-13 07:05:24'),
(11743, 6, 236, 1, 0, 0, 0, '2021-05-13 07:05:24', '2021-05-13 07:05:24'),
(11744, 6, 238, 1, 0, 0, 0, '2021-05-13 07:05:24', '2021-05-13 07:05:24'),
(11745, 6, 239, 1, 0, 0, 0, '2021-05-13 07:05:24', '2021-05-13 07:05:24'),
(11746, 6, 240, 1, 0, 0, 0, '2021-05-13 07:05:24', '2021-05-13 07:05:24'),
(11747, 6, 241, 1, 0, 0, 0, '2021-05-13 07:05:24', '2021-05-13 07:05:24'),
(11748, 6, 243, 1, 0, 0, 0, '2021-05-13 07:05:24', '2021-05-13 07:05:24'),
(11749, 6, 244, 1, 0, 0, 0, '2021-05-13 07:05:24', '2021-05-13 07:05:24'),
(11750, 6, 245, 1, 0, 0, 0, '2021-05-13 07:05:24', '2021-05-13 07:05:24'),
(11751, 6, 246, 1, 0, 0, 0, '2021-05-13 07:05:24', '2021-05-13 07:05:24'),
(11752, 6, 247, 1, 0, 0, 0, '2021-05-13 07:05:24', '2021-05-13 07:05:24'),
(11753, 6, 248, 1, 0, 0, 0, '2021-05-13 07:05:24', '2021-05-13 07:05:24'),
(11754, 6, 249, 1, 0, 0, 0, '2021-05-13 07:05:24', '2021-05-13 07:05:24'),
(11755, 6, 250, 1, 0, 0, 0, '2021-05-13 07:05:24', '2021-05-13 07:05:24'),
(11756, 6, 251, 1, 0, 0, 0, '2021-05-13 07:05:24', '2021-05-13 07:05:24'),
(11757, 6, 252, 1, 0, 0, 0, '2021-05-13 07:05:24', '2021-05-13 07:05:24'),
(11758, 6, 253, 1, 0, 0, 0, '2021-05-13 07:05:24', '2021-05-13 07:05:24'),
(11759, 6, 254, 1, 0, 0, 0, '2021-05-13 07:05:24', '2021-05-13 07:05:24'),
(12080, 8, 1, 1, 0, 0, 0, '2021-05-13 07:36:27', '2021-05-13 07:36:27'),
(12081, 8, 2, 1, 0, 0, 0, '2021-05-13 07:36:27', '2021-05-13 07:36:27'),
(12082, 8, 3, 1, 0, 0, 0, '2021-05-13 07:36:27', '2021-05-13 07:36:27'),
(12084, 8, 5, 1, 0, 0, 0, '2021-05-13 07:36:27', '2021-05-13 07:36:27'),
(12085, 8, 6, 1, 0, 0, 0, '2021-05-13 07:36:27', '2021-05-13 07:36:27'),
(12086, 8, 7, 1, 0, 0, 0, '2021-05-13 07:36:27', '2021-05-13 07:36:27'),
(12087, 8, 8, 1, 0, 0, 0, '2021-05-13 07:36:27', '2021-05-13 07:36:27'),
(12088, 8, 9, 1, 0, 0, 0, '2021-05-13 07:36:27', '2021-05-13 07:36:27'),
(12089, 8, 10, 1, 0, 0, 0, '2021-05-13 07:36:27', '2021-05-13 07:36:27'),
(12090, 8, 11, 1, 0, 0, 0, '2021-05-13 07:36:27', '2021-05-13 07:36:27'),
(12091, 8, 12, 1, 0, 0, 0, '2021-05-13 07:36:27', '2021-05-13 07:36:27'),
(12092, 8, 13, 1, 0, 0, 0, '2021-05-13 07:36:27', '2021-05-13 07:36:27'),
(12093, 8, 14, 1, 0, 0, 0, '2021-05-13 07:36:27', '2021-05-13 07:36:27'),
(12094, 8, 15, 1, 0, 0, 0, '2021-05-13 07:36:27', '2021-05-13 07:36:27'),
(12095, 8, 16, 1, 0, 0, 0, '2021-05-13 07:36:27', '2021-05-13 07:36:27'),
(12096, 8, 17, 1, 0, 0, 0, '2021-05-13 07:36:27', '2021-05-13 07:36:27'),
(12097, 8, 18, 1, 0, 0, 0, '2021-05-13 07:36:27', '2021-05-13 07:36:27'),
(12098, 8, 19, 1, 0, 0, 0, '2021-05-13 07:36:27', '2021-05-13 07:36:27'),
(12099, 8, 20, 1, 0, 0, 0, '2021-05-13 07:36:27', '2021-05-13 07:36:27'),
(12100, 8, 21, 1, 0, 0, 0, '2021-05-13 07:36:27', '2021-05-13 07:36:27'),
(12101, 8, 22, 1, 0, 0, 0, '2021-05-13 07:36:27', '2021-05-13 07:36:27'),
(12102, 8, 23, 1, 0, 0, 0, '2021-05-13 07:36:27', '2021-05-13 07:36:27'),
(12103, 8, 24, 1, 0, 0, 0, '2021-05-13 07:36:27', '2021-05-13 07:36:27'),
(12104, 8, 25, 1, 0, 0, 0, '2021-05-13 07:36:27', '2021-05-13 07:36:27'),
(12105, 8, 26, 1, 0, 0, 0, '2021-05-13 07:36:27', '2021-05-13 07:36:27'),
(12106, 8, 27, 1, 0, 0, 0, '2021-05-13 07:36:27', '2021-05-13 07:36:27'),
(12107, 8, 28, 1, 0, 0, 0, '2021-05-13 07:36:27', '2021-05-13 07:36:27'),
(12108, 8, 29, 1, 0, 0, 0, '2021-05-13 07:36:27', '2021-05-13 07:36:27'),
(12109, 8, 30, 1, 0, 0, 0, '2021-05-13 07:36:27', '2021-05-13 07:36:27'),
(12110, 8, 31, 1, 0, 0, 0, '2021-05-13 07:36:27', '2021-05-13 07:36:27'),
(12111, 8, 32, 1, 0, 0, 0, '2021-05-13 07:36:27', '2021-05-13 07:36:27'),
(12112, 8, 33, 1, 0, 0, 0, '2021-05-13 07:36:27', '2021-05-13 07:36:27');
INSERT INTO `offer_product` (`id`, `offer_id`, `product_id`, `is_offer`, `offerPriority`, `is_expired`, `expiredPriority`, `created_at`, `updated_at`) VALUES
(12113, 8, 34, 1, 0, 0, 0, '2021-05-13 07:36:27', '2021-05-13 07:36:27'),
(12114, 8, 35, 1, 0, 0, 0, '2021-05-13 07:36:27', '2021-05-13 07:36:27'),
(12115, 8, 36, 1, 0, 0, 0, '2021-05-13 07:36:27', '2021-05-13 07:36:27'),
(12117, 8, 38, 1, 0, 0, 0, '2021-05-13 07:36:27', '2021-05-13 07:36:27'),
(12118, 8, 39, 1, 0, 0, 0, '2021-05-13 07:36:27', '2021-05-13 07:36:27'),
(12119, 8, 40, 1, 0, 0, 0, '2021-05-13 07:36:27', '2021-05-13 07:36:27'),
(12120, 8, 41, 1, 0, 0, 0, '2021-05-13 07:36:27', '2021-05-13 07:36:27'),
(12121, 8, 42, 1, 0, 0, 0, '2021-05-13 07:36:27', '2021-05-13 07:36:27'),
(12122, 8, 43, 1, 0, 0, 0, '2021-05-13 07:36:27', '2021-05-13 07:36:27'),
(12123, 8, 44, 1, 0, 0, 0, '2021-05-13 07:36:27', '2021-05-13 07:36:27'),
(12124, 8, 45, 1, 0, 0, 0, '2021-05-13 07:36:27', '2021-05-13 07:36:27'),
(12125, 8, 46, 1, 0, 0, 0, '2021-05-13 07:36:27', '2021-05-13 07:36:27'),
(12126, 8, 47, 1, 0, 0, 0, '2021-05-13 07:36:27', '2021-05-13 07:36:27'),
(12127, 8, 48, 1, 0, 0, 0, '2021-05-13 07:36:27', '2021-05-13 07:36:27'),
(12128, 8, 50, 1, 0, 0, 0, '2021-05-13 07:36:27', '2021-05-13 07:36:27'),
(12130, 8, 53, 1, 0, 0, 0, '2021-05-13 07:36:27', '2021-05-13 07:36:27'),
(12131, 8, 54, 1, 0, 0, 0, '2021-05-13 07:36:27', '2021-05-13 07:36:27'),
(12132, 8, 55, 1, 0, 0, 0, '2021-05-13 07:36:27', '2021-05-13 07:36:27'),
(12133, 8, 56, 1, 0, 0, 0, '2021-05-13 07:36:27', '2021-05-13 07:36:27'),
(12134, 8, 57, 1, 0, 0, 0, '2021-05-13 07:36:27', '2021-05-13 07:36:27'),
(12139, 8, 62, 1, 0, 0, 0, '2021-05-13 07:36:28', '2021-05-13 07:36:28'),
(12140, 8, 63, 1, 0, 0, 0, '2021-05-13 07:36:28', '2021-05-13 07:36:28'),
(12141, 8, 64, 1, 0, 0, 0, '2021-05-13 07:36:28', '2021-05-13 07:36:28'),
(12142, 8, 65, 1, 0, 0, 0, '2021-05-13 07:36:28', '2021-05-13 07:36:28'),
(12143, 8, 66, 1, 0, 0, 0, '2021-05-13 07:36:28', '2021-05-13 07:36:28'),
(12144, 8, 67, 1, 0, 0, 0, '2021-05-13 07:36:28', '2021-05-13 07:36:28'),
(12145, 8, 68, 1, 0, 0, 0, '2021-05-13 07:36:28', '2021-05-13 07:36:28'),
(12146, 8, 69, 1, 0, 0, 0, '2021-05-13 07:36:28', '2021-05-13 07:36:28'),
(12147, 8, 70, 1, 0, 0, 0, '2021-05-13 07:36:28', '2021-05-13 07:36:28'),
(12148, 8, 71, 1, 0, 0, 0, '2021-05-13 07:36:28', '2021-05-13 07:36:28'),
(12149, 8, 72, 1, 0, 0, 0, '2021-05-13 07:36:28', '2021-05-13 07:36:28'),
(12150, 8, 73, 1, 0, 0, 0, '2021-05-13 07:36:28', '2021-05-13 07:36:28'),
(12151, 8, 74, 1, 0, 0, 0, '2021-05-13 07:36:28', '2021-05-13 07:36:28'),
(12152, 8, 75, 1, 0, 0, 0, '2021-05-13 07:36:28', '2021-05-13 07:36:28'),
(12153, 8, 76, 1, 0, 0, 0, '2021-05-13 07:36:28', '2021-05-13 07:36:28'),
(12154, 8, 77, 1, 0, 0, 0, '2021-05-13 07:36:28', '2021-05-13 07:36:28'),
(12155, 8, 78, 1, 0, 0, 0, '2021-05-13 07:36:28', '2021-05-13 07:36:28'),
(12156, 8, 79, 1, 0, 0, 0, '2021-05-13 07:36:28', '2021-05-13 07:36:28'),
(12157, 8, 80, 1, 0, 0, 0, '2021-05-13 07:36:28', '2021-05-13 07:36:28'),
(12158, 8, 81, 1, 0, 0, 0, '2021-05-13 07:36:28', '2021-05-13 07:36:28'),
(12159, 8, 82, 1, 0, 0, 0, '2021-05-13 07:36:28', '2021-05-13 07:36:28'),
(12160, 8, 83, 1, 0, 0, 0, '2021-05-13 07:36:28', '2021-05-13 07:36:28'),
(12161, 8, 84, 1, 0, 0, 0, '2021-05-13 07:36:28', '2021-05-13 07:36:28'),
(12162, 8, 85, 1, 0, 0, 0, '2021-05-13 07:36:28', '2021-05-13 07:36:28'),
(12163, 8, 86, 1, 0, 0, 0, '2021-05-13 07:36:28', '2021-05-13 07:36:28'),
(12164, 8, 87, 1, 0, 0, 0, '2021-05-13 07:36:28', '2021-05-13 07:36:28'),
(12165, 8, 88, 1, 0, 0, 0, '2021-05-13 07:36:28', '2021-05-13 07:36:28'),
(12166, 8, 89, 1, 0, 0, 0, '2021-05-13 07:36:28', '2021-05-13 07:36:28'),
(12167, 8, 90, 1, 0, 0, 0, '2021-05-13 07:36:28', '2021-05-13 07:36:28'),
(12168, 8, 91, 1, 0, 0, 0, '2021-05-13 07:36:28', '2021-05-13 07:36:28'),
(12169, 8, 92, 1, 0, 0, 0, '2021-05-13 07:36:28', '2021-05-13 07:36:28'),
(12170, 8, 93, 1, 0, 0, 0, '2021-05-13 07:36:28', '2021-05-13 07:36:28'),
(12171, 8, 94, 1, 0, 0, 0, '2021-05-13 07:36:28', '2021-05-13 07:36:28'),
(12172, 8, 96, 1, 0, 0, 0, '2021-05-13 07:36:28', '2021-05-13 07:36:28'),
(12173, 8, 97, 1, 0, 0, 0, '2021-05-13 07:36:28', '2021-05-13 07:36:28'),
(12174, 8, 98, 1, 0, 0, 0, '2021-05-13 07:36:28', '2021-05-13 07:36:28'),
(12175, 8, 99, 1, 0, 0, 0, '2021-05-13 07:36:28', '2021-05-13 07:36:28'),
(12176, 8, 100, 1, 0, 0, 0, '2021-05-13 07:36:28', '2021-05-13 07:36:28'),
(12178, 8, 102, 1, 0, 0, 0, '2021-05-13 07:36:28', '2021-05-13 07:36:28'),
(12179, 8, 103, 1, 0, 0, 0, '2021-05-13 07:36:28', '2021-05-13 07:36:28'),
(12180, 8, 104, 1, 0, 0, 0, '2021-05-13 07:36:28', '2021-05-13 07:36:28'),
(12181, 8, 105, 1, 0, 0, 0, '2021-05-13 07:36:28', '2021-05-13 07:36:28'),
(12182, 8, 106, 1, 70, 0, 0, '2021-05-13 07:36:28', '2021-05-13 07:36:28'),
(12183, 8, 107, 1, 0, 0, 0, '2021-05-13 07:36:28', '2021-05-13 07:36:28'),
(12184, 8, 108, 1, 0, 0, 0, '2021-05-13 07:36:28', '2021-05-13 07:36:28'),
(12185, 8, 109, 1, 0, 0, 0, '2021-05-13 07:36:28', '2021-05-13 07:36:28'),
(12186, 8, 110, 1, 0, 0, 0, '2021-05-13 07:36:28', '2021-05-13 07:36:28'),
(12187, 8, 111, 1, 0, 0, 0, '2021-05-13 07:36:28', '2021-05-13 07:36:28'),
(12188, 8, 112, 1, 0, 0, 0, '2021-05-13 07:36:28', '2021-05-13 07:36:28'),
(12189, 8, 113, 1, 0, 0, 0, '2021-05-13 07:36:28', '2021-05-13 07:36:28'),
(12190, 8, 114, 1, 0, 0, 0, '2021-05-13 07:36:28', '2021-05-13 07:36:28'),
(12191, 8, 115, 1, 0, 0, 0, '2021-05-13 07:36:28', '2021-05-13 07:36:28'),
(12192, 8, 116, 1, 0, 0, 0, '2021-05-13 07:36:28', '2021-05-13 07:36:28'),
(12193, 8, 117, 1, 0, 0, 0, '2021-05-13 07:36:28', '2021-05-13 07:36:28'),
(12194, 8, 118, 1, 0, 0, 0, '2021-05-13 07:36:28', '2021-05-13 07:36:28'),
(12195, 8, 119, 1, 0, 0, 0, '2021-05-13 07:36:28', '2021-05-13 07:36:28'),
(12196, 8, 120, 1, 0, 0, 0, '2021-05-13 07:36:28', '2021-05-13 07:36:28'),
(12197, 8, 121, 1, 0, 0, 0, '2021-05-13 07:36:28', '2021-05-13 07:36:28'),
(12198, 8, 122, 1, 0, 0, 0, '2021-05-13 07:36:28', '2021-05-13 07:36:28'),
(12199, 8, 123, 1, 0, 0, 0, '2021-05-13 07:36:28', '2021-05-13 07:36:28'),
(12201, 8, 125, 1, 0, 0, 0, '2021-05-13 07:36:28', '2021-05-13 07:36:28'),
(12202, 8, 126, 1, 0, 0, 0, '2021-05-13 07:36:28', '2021-05-13 07:36:28'),
(12203, 8, 127, 1, 0, 0, 0, '2021-05-13 07:36:28', '2021-05-13 07:36:28'),
(12204, 8, 128, 1, 0, 0, 0, '2021-05-13 07:36:28', '2021-05-13 07:36:28'),
(12205, 8, 129, 1, 0, 0, 0, '2021-05-13 07:36:28', '2021-05-13 07:36:28'),
(12206, 8, 130, 1, 0, 0, 0, '2021-05-13 07:36:28', '2021-05-13 07:36:28'),
(12208, 8, 132, 1, 0, 0, 0, '2021-05-13 07:36:28', '2021-05-13 07:36:28'),
(12209, 8, 133, 1, 150, 0, 0, '2021-05-13 07:36:28', '2021-05-13 07:36:28'),
(12210, 8, 134, 1, 170, 0, 0, '2021-05-13 07:36:28', '2021-05-13 07:36:28'),
(12211, 8, 135, 1, 0, 0, 0, '2021-05-13 07:36:28', '2021-05-13 07:36:28'),
(12212, 8, 136, 1, 0, 0, 0, '2021-05-13 07:36:28', '2021-05-13 07:36:28'),
(12213, 8, 137, 1, 0, 0, 0, '2021-05-13 07:36:28', '2021-05-13 07:36:28'),
(12214, 8, 138, 1, 0, 0, 0, '2021-05-13 07:36:28', '2021-05-13 07:36:28'),
(12215, 8, 139, 1, 0, 0, 0, '2021-05-13 07:36:28', '2021-05-13 07:36:28'),
(12216, 8, 140, 1, 0, 0, 0, '2021-05-13 07:36:28', '2021-05-13 07:36:28'),
(12217, 8, 141, 1, 0, 0, 0, '2021-05-13 07:36:28', '2021-05-13 07:36:28'),
(12218, 8, 142, 1, 0, 0, 0, '2021-05-13 07:36:28', '2021-05-13 07:36:28'),
(12219, 8, 143, 1, 0, 0, 0, '2021-05-13 07:36:28', '2021-05-13 07:36:28'),
(12220, 8, 144, 1, 0, 0, 0, '2021-05-13 07:36:28', '2021-05-13 07:36:28'),
(12221, 8, 145, 1, 0, 0, 0, '2021-05-13 07:36:28', '2021-05-13 07:36:28'),
(12222, 8, 146, 1, 0, 0, 0, '2021-05-13 07:36:28', '2021-05-13 07:36:28'),
(12224, 8, 148, 1, 0, 0, 0, '2021-05-13 07:36:28', '2021-05-13 07:36:28'),
(12225, 8, 149, 1, 0, 0, 0, '2021-05-13 07:36:28', '2021-05-13 07:36:28'),
(12226, 8, 150, 1, 0, 0, 0, '2021-05-13 07:36:28', '2021-05-13 07:36:28'),
(12227, 8, 151, 1, 0, 0, 0, '2021-05-13 07:36:28', '2021-05-13 07:36:28'),
(12228, 8, 152, 1, 0, 0, 0, '2021-05-13 07:36:28', '2021-05-13 07:36:28'),
(12230, 8, 154, 1, 180, 0, 0, '2021-05-13 07:36:28', '2021-05-13 07:36:28'),
(12231, 8, 155, 1, 0, 0, 0, '2021-05-13 07:36:28', '2021-05-13 07:36:28'),
(12232, 8, 156, 1, 50, 0, 0, '2021-05-13 07:36:28', '2021-05-13 07:36:28'),
(12234, 8, 158, 1, 140, 0, 0, '2021-05-13 07:36:28', '2021-05-13 07:36:28'),
(12237, 8, 161, 1, 0, 0, 0, '2021-05-13 07:36:28', '2021-05-13 07:36:28'),
(12238, 8, 162, 1, 0, 0, 0, '2021-05-13 07:36:28', '2021-05-13 07:36:28'),
(12239, 8, 163, 1, 0, 0, 0, '2021-05-13 07:36:28', '2021-05-13 07:36:28'),
(12240, 8, 164, 1, 0, 0, 0, '2021-05-13 07:36:28', '2021-05-13 07:36:28'),
(12242, 8, 166, 1, 0, 0, 0, '2021-05-13 07:36:28', '2021-05-13 07:36:28'),
(12244, 8, 168, 1, 0, 0, 0, '2021-05-13 07:36:28', '2021-05-13 07:36:28'),
(12245, 8, 169, 1, 0, 0, 0, '2021-05-13 07:36:28', '2021-05-13 07:36:28'),
(12246, 8, 170, 1, 0, 0, 0, '2021-05-13 07:36:28', '2021-05-13 07:36:28'),
(12247, 8, 171, 1, 0, 0, 0, '2021-05-13 07:36:28', '2021-05-13 07:36:28'),
(12248, 8, 172, 1, 0, 0, 0, '2021-05-13 07:36:28', '2021-05-13 07:36:28'),
(12249, 8, 173, 1, 0, 0, 0, '2021-05-13 07:36:28', '2021-05-13 07:36:28'),
(12250, 8, 174, 1, 0, 0, 0, '2021-05-13 07:36:28', '2021-05-13 07:36:28'),
(12251, 8, 175, 1, 0, 0, 0, '2021-05-13 07:36:28', '2021-05-13 07:36:28'),
(12252, 8, 176, 1, 0, 0, 0, '2021-05-13 07:36:28', '2021-05-13 07:36:28'),
(12253, 8, 177, 1, 0, 0, 0, '2021-05-13 07:36:28', '2021-05-13 07:36:28'),
(12254, 8, 178, 1, 0, 0, 0, '2021-05-13 07:36:28', '2021-05-13 07:36:28'),
(12255, 8, 179, 1, 0, 0, 0, '2021-05-13 07:36:28', '2021-05-13 07:36:28'),
(12256, 8, 180, 1, 0, 0, 0, '2021-05-13 07:36:28', '2021-05-13 07:36:28'),
(12257, 8, 181, 1, 0, 0, 0, '2021-05-13 07:36:28', '2021-05-13 07:36:28'),
(12258, 8, 182, 1, 0, 0, 0, '2021-05-13 07:36:28', '2021-05-13 07:36:28'),
(12260, 8, 184, 1, 0, 0, 0, '2021-05-13 07:36:28', '2021-05-13 07:36:28'),
(12261, 8, 185, 1, 0, 0, 0, '2021-05-13 07:36:28', '2021-05-13 07:36:28'),
(12262, 8, 186, 1, 0, 0, 0, '2021-05-13 07:36:28', '2021-05-13 07:36:28'),
(12263, 8, 187, 1, 0, 0, 0, '2021-05-13 07:36:28', '2021-05-13 07:36:28'),
(12264, 8, 188, 1, 0, 0, 0, '2021-05-13 07:36:28', '2021-05-13 07:36:28'),
(12265, 8, 189, 1, 0, 0, 0, '2021-05-13 07:36:28', '2021-05-13 07:36:28'),
(12266, 8, 190, 1, 0, 0, 0, '2021-05-13 07:36:28', '2021-05-13 07:36:28'),
(12267, 8, 191, 1, 0, 0, 0, '2021-05-13 07:36:28', '2021-05-13 07:36:28'),
(12268, 8, 192, 1, 0, 0, 0, '2021-05-13 07:36:28', '2021-05-13 07:36:28'),
(12269, 8, 193, 1, 0, 0, 0, '2021-05-13 07:36:28', '2021-05-13 07:36:28'),
(12270, 8, 194, 1, 0, 0, 0, '2021-05-13 07:36:28', '2021-05-13 07:36:28'),
(12271, 8, 195, 1, 0, 0, 0, '2021-05-13 07:36:28', '2021-05-13 07:36:28'),
(12272, 8, 196, 1, 0, 0, 0, '2021-05-13 07:36:28', '2021-05-13 07:36:28'),
(12273, 8, 197, 1, 0, 0, 0, '2021-05-13 07:36:28', '2021-05-13 07:36:28'),
(12274, 8, 198, 1, 0, 0, 0, '2021-05-13 07:36:28', '2021-05-13 07:36:28'),
(12275, 8, 199, 1, 0, 0, 0, '2021-05-13 07:36:28', '2021-05-13 07:36:28'),
(12276, 8, 200, 1, 0, 0, 0, '2021-05-13 07:36:28', '2021-05-13 07:36:28'),
(12277, 8, 201, 1, 0, 0, 0, '2021-05-13 07:36:28', '2021-05-13 07:36:28'),
(12278, 8, 202, 1, 0, 0, 0, '2021-05-13 07:36:28', '2021-05-13 07:36:28'),
(12279, 8, 203, 1, 0, 0, 0, '2021-05-13 07:36:28', '2021-05-13 07:36:28'),
(12280, 8, 204, 1, 0, 0, 0, '2021-05-13 07:36:28', '2021-05-13 07:36:28'),
(12281, 8, 205, 1, 0, 0, 0, '2021-05-13 07:36:28', '2021-05-13 07:36:28'),
(12282, 8, 206, 1, 0, 0, 0, '2021-05-13 07:36:28', '2021-05-13 07:36:28'),
(12283, 8, 207, 1, 0, 0, 0, '2021-05-13 07:36:28', '2021-05-13 07:36:28'),
(12284, 8, 208, 1, 0, 0, 0, '2021-05-13 07:36:28', '2021-05-13 07:36:28'),
(12285, 8, 209, 1, 0, 0, 0, '2021-05-13 07:36:28', '2021-05-13 07:36:28'),
(12286, 8, 210, 1, 0, 0, 0, '2021-05-13 07:36:28', '2021-05-13 07:36:28'),
(12287, 8, 211, 1, 0, 0, 0, '2021-05-13 07:36:28', '2021-05-13 07:36:28'),
(12288, 8, 212, 1, 0, 0, 0, '2021-05-13 07:36:28', '2021-05-13 07:36:28'),
(12289, 8, 213, 1, 0, 0, 0, '2021-05-13 07:36:28', '2021-05-13 07:36:28'),
(12290, 8, 214, 1, 0, 0, 0, '2021-05-13 07:36:28', '2021-05-13 07:36:28'),
(12291, 8, 215, 1, 0, 0, 0, '2021-05-13 07:36:28', '2021-05-13 07:36:28'),
(12292, 8, 216, 1, 0, 0, 0, '2021-05-13 07:36:28', '2021-05-13 07:36:28'),
(12293, 8, 217, 1, 0, 0, 0, '2021-05-13 07:36:28', '2021-05-13 07:36:28'),
(12294, 8, 218, 1, 0, 0, 0, '2021-05-13 07:36:28', '2021-05-13 07:36:28'),
(12295, 8, 219, 1, 0, 0, 0, '2021-05-13 07:36:28', '2021-05-13 07:36:28'),
(12296, 8, 220, 1, 0, 0, 0, '2021-05-13 07:36:28', '2021-05-13 07:36:28'),
(12297, 8, 221, 1, 0, 0, 0, '2021-05-13 07:36:28', '2021-05-13 07:36:28'),
(12298, 8, 222, 1, 160, 0, 0, '2021-05-13 07:36:28', '2021-05-13 07:36:28'),
(12299, 8, 223, 1, 0, 0, 0, '2021-05-13 07:36:28', '2021-05-13 07:36:28'),
(12300, 8, 224, 1, 0, 0, 0, '2021-05-13 07:36:28', '2021-05-13 07:36:28'),
(12301, 8, 225, 1, 0, 0, 0, '2021-05-13 07:36:28', '2021-05-13 07:36:28'),
(12302, 8, 226, 1, 0, 0, 0, '2021-05-13 07:36:28', '2021-05-13 07:36:28'),
(12303, 8, 227, 1, 0, 0, 0, '2021-05-13 07:36:28', '2021-05-13 07:36:28'),
(12304, 8, 228, 1, 0, 0, 0, '2021-05-13 07:36:28', '2021-05-13 07:36:28'),
(12305, 8, 229, 1, 0, 0, 0, '2021-05-13 07:36:28', '2021-05-13 07:36:28'),
(12306, 8, 230, 1, 0, 0, 0, '2021-05-13 07:36:28', '2021-05-13 07:36:28'),
(12307, 8, 231, 1, 0, 0, 0, '2021-05-13 07:36:28', '2021-05-13 07:36:28'),
(12308, 8, 232, 1, 0, 0, 0, '2021-05-13 07:36:28', '2021-05-13 07:36:28'),
(12309, 8, 233, 1, 0, 0, 0, '2021-05-13 07:36:28', '2021-05-13 07:36:28'),
(12310, 8, 234, 1, 0, 0, 0, '2021-05-13 07:36:28', '2021-05-13 07:36:28'),
(12311, 8, 235, 1, 0, 0, 0, '2021-05-13 07:36:28', '2021-05-13 07:36:28'),
(12312, 8, 236, 1, 0, 0, 0, '2021-05-13 07:36:28', '2021-05-13 07:36:28'),
(12313, 8, 238, 1, 0, 0, 0, '2021-05-13 07:36:28', '2021-05-13 07:36:28'),
(12314, 8, 239, 1, 0, 0, 0, '2021-05-13 07:36:28', '2021-05-13 07:36:28'),
(12315, 8, 240, 1, 0, 0, 0, '2021-05-13 07:36:28', '2021-05-13 07:36:28'),
(12316, 8, 241, 1, 0, 0, 0, '2021-05-13 07:36:28', '2021-05-13 07:36:28'),
(12317, 8, 242, 1, 0, 0, 0, '2021-05-13 07:36:28', '2021-05-13 07:36:28'),
(12319, 8, 244, 1, 0, 0, 0, '2021-05-13 07:36:28', '2021-05-13 07:36:28'),
(12320, 8, 245, 1, 0, 0, 0, '2021-05-13 07:36:28', '2021-05-13 07:36:28'),
(12321, 8, 246, 1, 0, 0, 0, '2021-05-13 07:36:28', '2021-05-13 07:36:28'),
(12322, 8, 247, 1, 0, 0, 0, '2021-05-13 07:36:28', '2021-05-13 07:36:28'),
(12323, 8, 248, 1, 0, 0, 0, '2021-05-13 07:36:28', '2021-05-13 07:36:28'),
(12328, 8, 249, 1, 0, 0, 0, NULL, NULL),
(12329, 8, 250, 1, 0, 0, 0, NULL, NULL),
(12330, 8, 251, 1, 0, 0, 0, NULL, NULL),
(12331, 8, 252, 1, 0, 0, 0, NULL, NULL),
(12332, 8, 253, 1, 0, 0, 0, NULL, NULL),
(12333, 8, 254, 1, 0, 0, 0, NULL, NULL),
(12334, 8, 255, 1, 0, 0, 0, NULL, NULL),
(12335, 8, 256, 1, 0, 0, 0, NULL, NULL),
(12336, 8, 257, 1, 0, 0, 0, NULL, NULL),
(12337, 8, 258, 1, 0, 0, 0, NULL, NULL),
(12338, 8, 259, 1, 0, 0, 0, NULL, NULL),
(12339, 8, 260, 1, 0, 0, 0, NULL, NULL),
(12340, 8, 261, 1, 0, 0, 0, NULL, NULL),
(12341, 8, 262, 1, 0, 0, 0, NULL, NULL),
(12342, 8, 263, 1, 0, 0, 0, NULL, NULL),
(12343, 8, 264, 1, 0, 0, 0, NULL, NULL),
(12344, 8, 265, 1, 0, 0, 0, NULL, NULL),
(12345, 8, 266, 1, 0, 0, 0, NULL, NULL),
(12346, 8, 267, 1, 0, 0, 0, NULL, NULL),
(12347, 8, 268, 1, 0, 0, 0, NULL, NULL),
(12348, 8, 269, 1, 0, 0, 0, NULL, NULL),
(12349, 8, 270, 1, 0, 0, 0, NULL, NULL),
(12350, 8, 271, 1, 0, 0, 0, NULL, NULL),
(12351, 8, 272, 1, 0, 0, 0, NULL, NULL),
(12352, 8, 273, 1, 0, 0, 0, NULL, NULL),
(12353, 8, 274, 1, 0, 0, 0, NULL, NULL),
(12354, 8, 275, 1, 0, 0, 0, NULL, NULL),
(12355, 8, 276, 1, 0, 0, 0, NULL, NULL),
(12356, 8, 277, 1, 0, 0, 0, NULL, NULL),
(12357, 8, 278, 1, 0, 0, 0, NULL, NULL),
(12358, 8, 279, 1, 0, 0, 0, NULL, NULL),
(12360, 8, 281, 1, 0, 0, 0, NULL, NULL),
(12361, 8, 282, 1, 0, 0, 0, NULL, NULL),
(12362, 8, 283, 1, 0, 0, 0, NULL, NULL),
(12363, 8, 284, 1, 0, 0, 0, NULL, NULL),
(12364, 8, 285, 1, 0, 0, 0, NULL, NULL),
(12365, 8, 286, 1, 0, 0, 0, NULL, NULL),
(12366, 8, 287, 1, 0, 0, 0, NULL, NULL),
(12367, 8, 288, 1, 0, 0, 0, NULL, NULL),
(12368, 8, 289, 1, 0, 0, 0, NULL, NULL),
(12369, 8, 290, 1, 0, 0, 0, NULL, NULL),
(12370, 8, 291, 1, 0, 0, 0, NULL, NULL),
(12371, 8, 292, 1, 0, 0, 0, NULL, NULL),
(12372, 8, 293, 1, 0, 0, 0, NULL, NULL),
(12373, 8, 294, 1, 0, 0, 0, NULL, NULL),
(12374, 8, 295, 1, 0, 0, 0, NULL, NULL),
(12375, 8, 296, 1, 0, 0, 0, NULL, NULL),
(12376, 8, 297, 1, 0, 0, 0, NULL, NULL),
(12377, 8, 298, 1, 0, 0, 0, NULL, NULL),
(12378, 8, 299, 1, 0, 0, 0, NULL, NULL),
(12379, 8, 300, 1, 0, 0, 0, NULL, NULL),
(12380, 8, 301, 1, 0, 0, 0, NULL, NULL),
(12381, 8, 302, 1, 0, 0, 0, NULL, NULL),
(12382, 8, 303, 1, 0, 0, 0, NULL, NULL),
(12383, 8, 304, 1, 0, 0, 0, NULL, NULL),
(12400, 8, 307, 1, 0, 0, 0, NULL, NULL),
(12401, 8, 308, 1, 0, 0, 0, NULL, NULL),
(12402, 8, 309, 1, 0, 0, 0, NULL, NULL),
(12403, 8, 310, 1, 0, 0, 0, NULL, NULL),
(12404, 8, 311, 1, 0, 0, 0, NULL, NULL),
(12405, 8, 312, 1, 0, 0, 0, NULL, NULL),
(12406, 8, 313, 1, 0, 0, 0, NULL, NULL),
(12407, 8, 314, 1, 0, 0, 0, NULL, NULL),
(12408, 8, 315, 1, 0, 0, 0, NULL, NULL),
(12409, 8, 316, 1, 0, 0, 0, NULL, NULL),
(12411, 8, 318, 1, 0, 0, 0, NULL, NULL),
(12413, 8, 320, 1, 30, 0, 0, NULL, NULL),
(12414, 8, 321, 1, 40, 0, 0, NULL, NULL),
(12415, 8, 322, 1, 90, 0, 0, NULL, NULL),
(12416, 8, 323, 1, 100, 0, 0, NULL, NULL),
(12417, 8, 324, 1, 110, 0, 0, NULL, NULL),
(12418, 8, 325, 1, 120, 0, 0, NULL, NULL),
(12419, 8, 326, 1, 130, 0, 0, NULL, NULL),
(12559, 8, 58, 1, 140, 0, 0, '2021-06-03 05:08:44', '2021-06-03 05:08:44'),
(12560, 8, 59, 1, 120, 0, 0, '2021-06-03 05:08:44', '2021-06-03 05:08:44'),
(12561, 8, 61, 1, 10, 0, 0, '2021-06-03 05:08:44', '2021-06-03 05:08:44'),
(12562, 8, 147, 1, 21, 0, 0, '2021-06-03 05:08:44', '2021-06-03 05:08:44'),
(12563, 8, 153, 1, 100, 0, 0, '2021-06-03 05:08:44', '2021-06-03 05:08:44'),
(12564, 8, 157, 1, 80, 0, 0, '2021-06-03 05:08:44', '2021-06-03 05:08:44'),
(12565, 8, 159, 1, 150, 0, 0, '2021-06-03 05:08:44', '2021-06-03 05:08:44'),
(12566, 8, 160, 1, 30, 0, 0, '2021-06-03 05:08:44', '2021-06-03 05:08:44'),
(12567, 8, 165, 1, 130, 0, 0, '2021-06-03 05:08:44', '2021-06-03 05:08:44'),
(12568, 8, 183, 1, 90, 0, 0, '2021-06-03 05:08:44', '2021-06-03 05:08:44'),
(12569, 8, 280, 1, 160, 0, 0, '2021-06-03 05:08:44', '2021-06-03 05:08:44'),
(12570, 8, 317, 1, 110, 0, 0, '2021-06-03 05:08:44', '2021-06-03 05:08:44'),
(12571, 8, 319, 1, 21, 0, 0, '2021-06-03 05:08:44', '2021-06-03 05:08:44'),
(12572, 8, 320, 1, 50, 0, 0, '2021-06-03 05:08:44', '2021-06-03 05:08:44'),
(12573, 8, 321, 1, 40, 0, 0, '2021-06-03 05:08:44', '2021-06-03 05:08:44'),
(12574, 8, 327, 1, 60, 0, 0, '2021-06-03 05:08:44', '2021-06-03 05:08:44'),
(12575, 8, 328, 1, 70, 0, 0, '2021-06-03 05:08:44', '2021-06-03 05:08:44'),
(12576, 8, 329, 1, 21, 0, 0, '2021-06-03 05:08:44', '2021-06-03 05:08:44'),
(12577, 6, 4, 1, 0, 0, 0, '2021-06-18 04:48:26', '2021-06-18 04:48:26'),
(12578, 8, 4, 1, 0, 0, 0, '2021-06-18 04:48:26', '2021-06-18 04:48:26'),
(12751, 9, 10, 0, 0, 1, 0, '2021-07-25 00:56:56', '2021-07-25 00:56:56'),
(12752, 9, 11, 0, 0, 1, 0, '2021-07-25 00:56:56', '2021-07-25 00:56:56'),
(12753, 9, 13, 0, 0, 1, 0, '2021-07-25 00:56:56', '2021-07-25 00:56:56'),
(12754, 9, 14, 0, 0, 1, 0, '2021-07-25 00:56:56', '2021-07-25 00:56:56'),
(12755, 9, 15, 0, 0, 1, 0, '2021-07-25 00:56:56', '2021-07-25 00:56:56'),
(12756, 9, 17, 1, 70, 1, 0, '2021-07-25 00:56:56', '2021-07-25 00:56:56'),
(12757, 9, 23, 0, 0, 1, 0, '2021-07-25 00:56:56', '2021-07-25 00:56:56'),
(12758, 9, 24, 0, 0, 1, 0, '2021-07-25 00:56:56', '2021-07-25 00:56:56'),
(12759, 9, 26, 0, 0, 1, 0, '2021-07-25 00:56:56', '2021-07-25 00:56:56'),
(12760, 9, 59, 0, 0, 1, 0, '2021-07-25 00:56:56', '2021-07-25 00:56:56'),
(12761, 9, 85, 0, 0, 1, 0, '2021-07-25 00:56:56', '2021-07-25 00:56:56'),
(12762, 9, 106, 1, 120, 1, 0, '2021-07-25 00:56:56', '2021-07-25 00:56:56'),
(12763, 9, 133, 1, 10, 1, 0, '2021-07-25 00:56:56', '2021-07-25 00:56:56'),
(12764, 9, 134, 1, 20, 1, 0, '2021-07-25 00:56:56', '2021-07-25 00:56:56'),
(12765, 9, 144, 0, 0, 1, 0, '2021-07-25 00:56:56', '2021-07-25 00:56:56'),
(12766, 9, 147, 1, 30, 1, 0, '2021-07-25 00:56:56', '2021-07-25 00:56:56'),
(12767, 9, 153, 1, 60, 1, 0, '2021-07-25 00:56:56', '2021-07-25 00:56:56'),
(12768, 9, 157, 0, 0, 1, 0, '2021-07-25 00:56:56', '2021-07-25 00:56:56'),
(12769, 9, 158, 1, 100, 1, 0, '2021-07-25 00:56:56', '2021-07-25 00:56:56'),
(12770, 9, 183, 1, 110, 1, 0, '2021-07-25 00:56:56', '2021-07-25 00:56:56'),
(12771, 9, 211, 0, 0, 1, 0, '2021-07-25 00:56:56', '2021-07-25 00:56:56'),
(12772, 9, 214, 0, 0, 1, 0, '2021-07-25 00:56:56', '2021-07-25 00:56:56'),
(12773, 9, 232, 0, 0, 1, 0, '2021-07-25 00:56:56', '2021-07-25 00:56:56'),
(12774, 9, 258, 0, 0, 1, 0, '2021-07-25 00:56:56', '2021-07-25 00:56:56'),
(12775, 9, 319, 1, 0, 1, 0, '2021-07-25 00:56:56', '2021-07-25 00:56:56'),
(12776, 9, 320, 1, 40, 1, 0, '2021-07-25 00:56:56', '2021-07-25 00:56:56'),
(12777, 9, 321, 0, 0, 1, 0, '2021-07-25 00:56:56', '2021-07-25 00:56:56'),
(12778, 9, 322, 1, 170, 1, 0, '2021-07-25 00:56:56', '2021-07-25 00:56:56'),
(12779, 9, 323, 1, 160, 1, 0, '2021-07-25 00:56:56', '2021-07-25 00:56:56'),
(12780, 9, 324, 1, 140, 1, 0, '2021-07-25 00:56:56', '2021-07-25 00:56:56'),
(12781, 9, 325, 1, 150, 1, 0, '2021-07-25 00:56:56', '2021-07-25 00:56:56'),
(12782, 9, 327, 1, 90, 1, 0, '2021-07-25 00:56:56', '2021-07-25 00:56:56'),
(12783, 9, 328, 1, 180, 1, 0, '2021-07-25 00:56:56', '2021-07-25 00:56:56'),
(12784, 9, 329, 1, 50, 1, 0, '2021-07-25 00:56:56', '2021-07-25 00:56:56');

-- --------------------------------------------------------

--
-- Table structure for table `password_resets`
--

DROP TABLE IF EXISTS `password_resets`;
CREATE TABLE IF NOT EXISTS `password_resets` (
  `email` varchar(255) COLLATE utf8mb4_unicode_ci NOT NULL,
  `token` varchar(255) COLLATE utf8mb4_unicode_ci NOT NULL,
  `created_at` timestamp NULL DEFAULT NULL,
  KEY `password_resets_email_index` (`email`)
) ENGINE=InnoDB DEFAULT CHARSET=utf8mb4 COLLATE=utf8mb4_unicode_ci;

--
-- Dumping data for table `password_resets`
--

INSERT INTO `password_resets` (`email`, `token`, `created_at`) VALUES
('ahmedsuror@live.com', '$2y$10$uHiGFDd780RGRg8/oh7zr.cfs/aVRx/474Swx8VQcL9W3e4No0/Bm', '2020-05-17 16:03:28');

-- --------------------------------------------------------

--
-- Table structure for table `products`
--

DROP TABLE IF EXISTS `products`;
CREATE TABLE IF NOT EXISTS `products` (
  `id` int(10) UNSIGNED NOT NULL AUTO_INCREMENT,
  `p_name` varchar(255) COLLATE utf8mb4_unicode_ci NOT NULL,
  `p_active_ingredient` varchar(255) COLLATE utf8mb4_unicode_ci DEFAULT NULL,
  `p_price` decimal(8,2) NOT NULL,
  `sort_factor` int(11) NOT NULL DEFAULT '0',
  `p_img` varchar(255) COLLATE utf8mb4_unicode_ci NOT NULL DEFAULT 'https://www.dawapharm.com/wp-content/uploads/2020/09/noimg.jpg',
  `created_at` timestamp NULL DEFAULT NULL,
  `updated_at` timestamp NULL DEFAULT NULL,
  PRIMARY KEY (`id`),
  UNIQUE KEY `UNQ_PNAME` (`p_name`)
) ENGINE=InnoDB AUTO_INCREMENT=330 DEFAULT CHARSET=utf8mb4 COLLATE=utf8mb4_unicode_ci;

--
-- Dumping data for table `products`
--

INSERT INTO `products` (`id`, `p_name`, `p_active_ingredient`, `p_price`, `sort_factor`, `p_img`, `created_at`, `updated_at`) VALUES
(1, 'جيسكت أقراص', 'كيتوبروفين 75 مجم', '18.75', 19, 'https://www.dawapharm.com/wp-content/uploads/2020/09/noimg.jpg', '2020-05-17 16:51:16', '2020-05-17 16:51:16'),
(2, 'افانو أقراص', 'فياجرات', '64.00', 51, 'https://www.dawapharm.com/wp-content/uploads/2020/09/noimg.jpg', '2020-05-17 16:51:36', '2020-10-29 04:20:30'),
(3, 'ميفاك اقراص  للبرد', NULL, '18.00', 25, 'https://www.dawapharm.com/wp-content/uploads/2020/09/noimg.jpg', '2020-05-17 16:51:51', '2020-10-29 04:13:59'),
(4, 'فيناكلومكس أقراص', 'Diclofenac Sodium 100 mg', '18.00', 24, 'https://www.dawapharm.com/wp-content/uploads/2020/09/noimg.jpg', '2020-05-17 16:52:16', '2021-06-18 04:48:26'),
(5, 'استرانيدا أقراص', 'Ornidazole 50 mg', '33.00', 31, 'https://www.dawapharm.com/wp-content/uploads/2020/09/noimg.jpg', '2020-05-17 16:52:38', '2020-08-31 22:17:51'),
(6, 'ميرافليفيت أقراص', 'Ciprofloxacin   1g', '29.00', 20, 'https://www.dawapharm.com/wp-content/uploads/2020/09/noimg.jpg', '2020-05-17 16:53:02', '2020-10-29 04:13:10'),
(7, 'ويبتونال  أقراص', 'Gemifloxacin   320 mg', '54.00', 19, 'https://www.dawapharm.com/wp-content/uploads/2020/09/noimg.jpg', '2020-05-17 16:53:22', '2020-10-29 04:12:20'),
(8, 'هيلثتادين  أقراص', 'Rupatadine 10 mg', '26.00', 23, 'https://www.dawapharm.com/wp-content/uploads/2020/09/noimg.jpg', '2020-05-17 16:53:56', '2020-05-17 16:53:56'),
(9, 'فاردي 20 مجم  أقراص', NULL, '28.80', 67, 'https://www.dawapharm.com/wp-content/uploads/2020/09/noimg.jpg', '2020-05-17 16:54:14', '2020-08-31 22:38:38'),
(10, 'اريك 100م اقراص', NULL, '64.80', 37, 'https://www.dawapharm.com/wp-content/uploads/2020/09/noimg.jpg', '2020-05-17 16:54:33', '2020-10-29 04:18:01'),
(11, 'اختبار بيبي تشيك', NULL, '10.00', 60, 'https://www.dawapharm.com/wp-content/uploads/2020/09/noimg.jpg', '2020-05-17 16:54:49', '2020-10-29 04:22:13'),
(12, 'فاردينا اقراص', NULL, '43.25', 50, 'https://www.dawapharm.com/wp-content/uploads/2020/09/noimg.jpg', '2020-05-17 16:55:07', '2020-10-29 04:20:20'),
(13, 'فايركتا اقراص', NULL, '41.00', 38, 'https://www.dawapharm.com/wp-content/uploads/2020/09/noimg.jpg', '2020-05-17 16:55:19', '2020-10-29 04:18:11'),
(14, 'سيلدين 100 م اقراص', NULL, '11.25', 41, 'https://www.dawapharm.com/wp-content/uploads/2020/09/noimg.jpg', '2020-05-17 16:55:52', '2020-10-29 04:18:40'),
(15, 'سيلدين 50م اقراص', NULL, '9.75', 42, 'https://www.dawapharm.com/wp-content/uploads/2020/09/noimg.jpg', '2020-05-17 16:56:09', '2020-10-29 04:18:49'),
(16, 'فيوجريكس اقراص', NULL, '14.40', 34, 'https://www.dawapharm.com/wp-content/uploads/2020/09/noimg.jpg', '2020-05-17 16:56:29', '2020-05-17 16:56:29'),
(17, 'ميجاسيلز اقراص استحلاب', '36 شريط', '432.00', 13, 'https://www.dawapharm.com/wp-content/uploads/2020/09/noimg.jpg', '2020-05-17 16:56:54', '2021-03-06 04:39:40'),
(18, 'باوركتا اقراص', NULL, '28.75', 43, 'https://www.dawapharm.com/wp-content/uploads/2020/09/noimg.jpg', '2020-05-17 16:57:39', '2020-10-29 04:18:58'),
(19, 'ريكتيفارد اقراص', NULL, '14.40', 54, 'https://www.dawapharm.com/wp-content/uploads/2020/09/noimg.jpg', '2020-05-17 16:57:50', '2020-10-29 04:21:00'),
(20, 'كيماجرا 100 م اقراص', NULL, '11.00', 44, 'https://www.dawapharm.com/wp-content/uploads/2020/09/noimg.jpg', '2020-05-17 16:58:05', '2020-10-29 04:19:19'),
(21, 'نابي فيت', NULL, '26.00', 45, 'https://www.dawapharm.com/wp-content/uploads/2020/09/noimg.jpg', '2020-05-17 16:58:18', '2020-10-29 04:19:31'),
(22, 'درلجي 30 ملى اقراص', NULL, '45.00', 55, 'https://www.dawapharm.com/wp-content/uploads/2020/09/noimg.jpg', '2020-05-17 16:58:29', '2021-02-04 06:57:03'),
(23, 'رومانتجرا اقراص', NULL, '28.80', 46, 'https://www.dawapharm.com/wp-content/uploads/2020/09/noimg.jpg', '2020-05-17 16:58:42', '2020-10-29 04:19:41'),
(24, 'فاروفيجا اقراص', NULL, '36.00', 47, 'https://www.dawapharm.com/wp-content/uploads/2020/09/noimg.jpg', '2020-05-17 16:58:58', '2020-10-29 04:19:52'),
(25, 'سولفيترا أقراص', NULL, '43.25', 48, 'https://www.dawapharm.com/wp-content/uploads/2020/09/noimg.jpg', '2020-05-17 16:59:17', '2020-10-29 04:20:02'),
(26, 'سيلدافا أقراص', NULL, '33.00', 49, 'https://www.dawapharm.com/wp-content/uploads/2020/09/noimg.jpg', '2020-05-17 16:59:32', '2020-10-29 04:20:10'),
(27, 'كانيولا  اخضر', NULL, '8.00', 27, 'https://www.dawapharm.com/wp-content/uploads/2020/09/noimg.jpg', '2020-05-17 16:59:48', '2020-05-17 16:59:48'),
(28, 'كانيولا ازرق', NULL, '8.00', 43, 'https://www.dawapharm.com/wp-content/uploads/2020/09/noimg.jpg', '2020-05-17 17:00:02', '2020-05-17 17:00:02'),
(29, 'كانيولا اصفر', NULL, '8.00', 44, 'https://www.dawapharm.com/wp-content/uploads/2020/09/noimg.jpg', '2020-05-17 17:00:16', '2020-05-17 17:00:16'),
(30, 'كانيولا بمبي', NULL, '8.00', 30, 'https://www.dawapharm.com/wp-content/uploads/2020/09/noimg.jpg', '2020-05-17 17:00:29', '2020-05-17 17:00:29'),
(31, 'كانيولا رصاصي', NULL, '8.00', 31, 'https://www.dawapharm.com/wp-content/uploads/2020/09/noimg.jpg', '2020-05-17 17:00:42', '2020-05-17 17:00:42'),
(32, 'كانيولا موف', NULL, '8.00', 32, 'https://www.dawapharm.com/wp-content/uploads/2020/09/noimg.jpg', '2020-05-17 17:01:00', '2020-05-17 17:01:00'),
(33, 'جهاز محلول وريدي', NULL, '8.00', 33, 'https://www.dawapharm.com/wp-content/uploads/2020/09/noimg.jpg', '2020-05-17 17:01:35', '2020-05-17 17:01:35'),
(34, 'كمادات ديكس كول', NULL, '20.00', 34, 'https://www.dawapharm.com/wp-content/uploads/2020/09/noimg.jpg', '2020-05-17 17:01:51', '2020-05-17 17:01:51'),
(35, 'هيروكس كريم تاخير', NULL, '40.00', 35, 'https://www.dawapharm.com/wp-content/uploads/2020/09/noimg.jpg', '2020-05-17 17:02:05', '2020-05-17 17:02:17'),
(36, 'ترمومتر  مبروم  25 ج', NULL, '25.00', 36, 'https://www.dawapharm.com/wp-content/uploads/2020/09/noimg.jpg', '2020-05-17 17:02:42', '2020-05-17 17:02:42'),
(37, 'جوانتي عمال ملون', NULL, '30.00', 37, 'https://www.dawapharm.com/wp-content/uploads/2020/09/noimg.jpg', '2020-05-17 17:02:59', '2020-05-17 17:02:59'),
(38, 'كمامات التراسونيك مطابقة للمواصفات', NULL, '350.00', 1, 'https://www.dawapharm.com/wp-content/uploads/2020/09/noimg.jpg', '2020-05-23 20:35:00', '2020-05-25 01:16:19'),
(39, 'هيباكسيم 400 مجم اقراص', 'سيفيكسيم 400 مجم', '46.25', 3, 'https://www.dawapharm.com/wp-content/uploads/2020/09/noimg.jpg', '2020-05-23 20:35:27', '2020-08-01 00:18:33'),
(40, 'الفاسيف فيال', NULL, '69.00', 13, 'https://www.dawapharm.com/wp-content/uploads/2020/09/noimg.jpg', '2020-05-23 20:35:37', '2020-10-29 04:05:19'),
(41, 'بيمافست امبول', NULL, '34.25', 14, 'https://www.dawapharm.com/wp-content/uploads/2020/09/noimg.jpg', '2020-05-23 20:35:54', '2020-10-29 04:05:32'),
(42, 'بيوفيت امبول', NULL, '10.50', 16, 'https://www.dawapharm.com/wp-content/uploads/2020/09/noimg.jpg', '2020-05-23 20:36:25', '2020-10-29 04:05:57'),
(43, 'راميتاكس 1 جم فيال', NULL, '17.25', 6, 'https://www.dawapharm.com/wp-content/uploads/2020/09/noimg.jpg', '2020-05-23 20:36:47', '2020-05-23 20:36:47'),
(44, '123  اقراص', NULL, '15.00', 28, 'https://www.dawapharm.com/wp-content/uploads/2020/09/noimg.jpg', '2020-05-23 20:37:06', '2020-08-31 22:17:02'),
(45, 'باي كيتوجيسك أقراص', NULL, '24.75', 27, 'https://www.dawapharm.com/wp-content/uploads/2020/09/noimg.jpg', '2020-05-23 20:37:29', '2020-10-29 04:14:24'),
(46, 'باسكنتا أقراص', 'كيتوبروفين 100 م', '31.50', 23, 'https://www.dawapharm.com/wp-content/uploads/2020/09/noimg.jpg', '2020-05-23 20:38:09', '2020-10-29 04:13:39'),
(47, 'زيتوكسينال أقراص', 'ديكلوفيناك بوتاسيوم', '21.50', 26, 'https://www.dawapharm.com/wp-content/uploads/2020/09/noimg.jpg', '2020-05-23 20:38:52', '2020-10-29 04:14:07'),
(48, 'دابوكستارد 60 مجم أقراص', NULL, '33.75', 56, 'https://www.dawapharm.com/wp-content/uploads/2020/09/noimg.jpg', '2020-05-23 20:39:22', '2020-10-29 04:21:21'),
(50, 'جويبوكس 60 م 3 قرص', NULL, '42.50', 39, 'https://www.dawapharm.com/wp-content/uploads/2020/09/noimg.jpg', '2020-05-23 20:42:20', '2021-02-04 21:59:08'),
(52, 'ستيوماكس أقراص', NULL, '18.00', 40, 'https://www.dawapharm.com/wp-content/uploads/2020/09/noimg.jpg', '2020-05-23 20:46:38', '2020-10-29 04:18:31'),
(53, 'فيتوسيتامول أقراص', NULL, '16.50', 16, 'https://www.dawapharm.com/wp-content/uploads/2020/09/noimg.jpg', '2020-05-23 20:47:09', '2020-05-23 20:47:09'),
(54, 'شييتوكال أقراص', NULL, '134.50', 17, 'https://www.dawapharm.com/wp-content/uploads/2020/09/noimg.jpg', '2020-05-23 20:47:37', '2020-05-23 20:47:37'),
(55, 'زوركال 20 م أقراص', NULL, '41.50', 31, 'https://www.dawapharm.com/wp-content/uploads/2020/09/noimg.jpg', '2020-05-23 20:47:59', '2020-10-29 04:15:20'),
(56, 'اوفرامكس 1 جم فيال عضل', 'Ceftriaxon', '40.50', 19, 'https://www.dawapharm.com/wp-content/uploads/2020/09/noimg.jpg', '2020-05-25 01:33:41', '2020-05-25 01:33:41'),
(57, 'اوفرامكس 1  جم فيال وريد', 'Ceftriaxon', '40.50', 20, 'https://www.dawapharm.com/wp-content/uploads/2020/09/noimg.jpg', '2020-05-25 01:34:11', '2020-05-25 01:34:11'),
(58, 'سرنجات الدولية  3 سم كبار', 'العلبة 250 سرنجة', '250.00', 21, 'https://www.dawapharm.com/wp-content/uploads/2020/09/noimg.jpg', '2020-08-01 00:11:09', '2021-05-13 05:30:47'),
(59, 'سرنجات الدولية 3 سم أطفال', 'العلبة 250 سرنجة', '250.50', 22, 'https://www.dawapharm.com/wp-content/uploads/2020/09/noimg.jpg', '2020-08-01 00:11:47', '2021-05-13 05:30:54'),
(60, 'ارودكس C أقراص', 'فيتامين سي', '35.00', 9, 'https://www.dawapharm.com/wp-content/uploads/2020/09/noimg.jpg', '2020-08-01 00:12:10', '2020-08-01 00:12:10'),
(61, 'ارودكس  حديد  اقراص', 'فيتامين حديد', '64.00', 57, 'https://www.dawapharm.com/wp-content/uploads/2020/09/noimg.jpg', '2020-08-01 00:12:38', '2021-03-05 21:07:08'),
(62, 'بروتوكير  أقراص', 'كالسيوم _ ماغنسيوم _ فيتامين D _ زنك', '58.00', 11, 'https://www.dawapharm.com/wp-content/uploads/2020/09/noimg.jpg', '2020-08-01 00:13:04', '2020-08-01 00:13:04'),
(63, 'ايه ون  كريم أطفال', NULL, '25.00', 62, 'https://www.dawapharm.com/wp-content/uploads/2020/09/noimg.jpg', '2020-08-01 00:13:31', '2020-10-29 04:22:39'),
(64, 'ميجاسيلز قطع علبة 300 قرص', NULL, '300.00', 89, 'https://www.dawapharm.com/wp-content/uploads/2020/09/noimg.jpg', '2020-08-01 00:15:02', '2020-08-31 23:02:21'),
(65, 'بيكتوفريش  150 قطعة', NULL, '75.00', 88, 'https://www.dawapharm.com/wp-content/uploads/2020/09/noimg.jpg', '2020-08-01 00:15:22', '2020-08-31 23:01:46'),
(66, 'كاندم صيني', NULL, '8.00', 87, 'https://www.dawapharm.com/wp-content/uploads/2020/09/noimg.jpg', '2020-08-01 00:15:39', '2020-08-31 23:01:21'),
(67, 'فيافاج  100 مجم أقراص', NULL, '29.00', 52, 'https://www.dawapharm.com/wp-content/uploads/2020/09/noimg.jpg', '2020-08-01 00:16:05', '2020-10-29 04:20:42'),
(68, 'فيافاج  25 مجم أقراص', NULL, '27.00', 53, 'https://www.dawapharm.com/wp-content/uploads/2020/09/noimg.jpg', '2020-08-01 00:16:30', '2020-10-29 04:20:51'),
(69, 'ينسون', NULL, '7.00', 36, 'https://www.dawapharm.com/wp-content/uploads/2020/09/noimg.jpg', '2020-08-01 00:17:02', '2020-08-01 00:17:02'),
(70, 'شاي اخضر بالنعناع', NULL, '7.00', 102, 'https://www.dawapharm.com/wp-content/uploads/2020/09/noimg.jpg', '2020-08-01 00:17:14', '2020-08-31 23:06:22'),
(71, 'ابيسفين 1 جم عضل', NULL, '36.00', 2, 'https://www.dawapharm.com/wp-content/uploads/2020/09/noimg.jpg', '2020-08-31 00:45:40', '2020-10-29 04:02:49'),
(72, 'ابيسفين 2 جم وريد', NULL, '45.00', 3, 'https://www.dawapharm.com/wp-content/uploads/2020/09/noimg.jpg', '2020-08-31 00:46:40', '2020-08-31 00:46:40'),
(73, 'ابيسفين 500 مجم عضل', NULL, '27.00', 2, 'https://www.dawapharm.com/wp-content/uploads/2020/09/noimg.jpg', '2020-08-31 00:46:55', '2020-08-31 00:46:55'),
(74, 'نيرسيفاكسون 1 جم فيال', NULL, '21.75', 5, 'https://www.dawapharm.com/wp-content/uploads/2020/09/noimg.jpg', '2020-08-31 00:48:14', '2020-08-31 00:48:14'),
(75, 'نوفاكتام 1500 مجم فيال', NULL, '24.00', 5, 'https://www.dawapharm.com/wp-content/uploads/2020/09/noimg.jpg', '2020-08-31 00:48:55', '2020-10-29 04:03:31'),
(76, 'نوفاكتام 750 مجم فيال', NULL, '16.00', 6, 'https://www.dawapharm.com/wp-content/uploads/2020/09/noimg.jpg', '2020-08-31 00:49:13', '2020-10-29 04:03:40'),
(77, 'هيباتكسيم 1جم امبول', NULL, '20.75', 7, 'https://www.dawapharm.com/wp-content/uploads/2020/09/noimg.jpg', '2020-08-31 00:52:08', '2020-10-29 04:04:14'),
(78, 'هيباتكسيم 500 مجم امبول', NULL, '15.00', 8, 'https://www.dawapharm.com/wp-content/uploads/2020/09/noimg.jpg', '2020-08-31 01:43:40', '2020-10-29 04:04:27'),
(79, 'فلومكس 1 جم فيال', NULL, '12.75', 10, 'https://www.dawapharm.com/wp-content/uploads/2020/09/noimg.jpg', '2020-08-31 22:07:25', '2020-08-31 22:07:25'),
(80, 'فلومكس 500 مجم فيال', NULL, '9.00', 11, 'https://www.dawapharm.com/wp-content/uploads/2020/09/noimg.jpg', '2020-08-31 22:07:49', '2020-08-31 22:07:49'),
(81, 'سيفوتاكس 1 جم ايبكو', NULL, '22.50', 1, 'https://www.dawapharm.com/wp-content/uploads/2020/09/noimg.jpg', '2020-08-31 22:08:29', '2020-10-29 04:02:34'),
(82, 'سيفوتاكس 500 مجم ايبكو', NULL, '15.00', 13, 'https://www.dawapharm.com/wp-content/uploads/2020/09/noimg.jpg', '2020-08-31 22:08:53', '2020-08-31 22:08:53'),
(83, 'سيفوبيرازون 1 جم فيال', NULL, '18.00', 10, 'https://www.dawapharm.com/wp-content/uploads/2020/09/noimg.jpg', '2020-08-31 22:10:14', '2020-10-29 04:04:49'),
(84, 'سيفاترياكسون 1 جم القاهرة', NULL, '24.75', 15, 'https://www.dawapharm.com/wp-content/uploads/2020/09/noimg.jpg', '2020-08-31 22:10:46', '2020-08-31 22:10:46'),
(85, 'بنتاروكس 1 جم فيال', NULL, '16.50', 12, 'https://www.dawapharm.com/wp-content/uploads/2020/09/noimg.jpg', '2020-08-31 22:11:04', '2020-10-29 04:05:10'),
(86, 'ابيفناك امبول', NULL, '18.00', 17, 'https://www.dawapharm.com/wp-content/uploads/2020/09/noimg.jpg', '2020-08-31 22:11:24', '2020-08-31 22:11:24'),
(87, 'ديبولفكس امبول', NULL, '10.50', 18, 'https://www.dawapharm.com/wp-content/uploads/2020/09/noimg.jpg', '2020-08-31 22:11:43', '2020-08-31 22:11:43'),
(88, 'فولون 5 مجم امبول', NULL, '32.50', 17, 'https://www.dawapharm.com/wp-content/uploads/2020/09/noimg.jpg', '2020-08-31 22:12:04', '2020-10-29 04:06:13'),
(89, 'سيبروفلوكساسين 500 مجم اورجانو', NULL, '21.75', 20, 'https://www.dawapharm.com/wp-content/uploads/2020/09/noimg.jpg', '2020-08-31 22:12:33', '2020-08-31 22:12:33'),
(90, 'سيبروفلوكساسين 750 مجم اورجانو', NULL, '36.00', 21, 'https://www.dawapharm.com/wp-content/uploads/2020/09/noimg.jpg', '2020-08-31 22:12:47', '2020-08-31 22:12:47'),
(91, 'سيبروميجا 1 جم اقراص', NULL, '63.00', 22, 'https://www.dawapharm.com/wp-content/uploads/2020/09/noimg.jpg', '2020-08-31 22:13:13', '2020-08-31 22:13:13'),
(92, 'كيفوريك 500 مجم كبسول', NULL, '28.50', 23, 'https://www.dawapharm.com/wp-content/uploads/2020/09/noimg.jpg', '2020-08-31 22:13:33', '2020-08-31 22:13:33'),
(93, 'كيفوريك 750 مجم كبسول', NULL, '40.50', 24, 'https://www.dawapharm.com/wp-content/uploads/2020/09/noimg.jpg', '2020-08-31 22:14:01', '2020-08-31 22:14:01'),
(94, 'باور كابس كبسول', NULL, '19.50', 25, 'https://www.dawapharm.com/wp-content/uploads/2020/09/noimg.jpg', '2020-08-31 22:14:19', '2020-08-31 22:14:19'),
(96, 'الكوفان كبسول', NULL, '6.75', 27, 'https://www.dawapharm.com/wp-content/uploads/2020/09/noimg.jpg', '2020-08-31 22:16:45', '2020-08-31 22:16:45'),
(97, 'كولد فري أقراص', NULL, '19.50', 32, 'https://www.dawapharm.com/wp-content/uploads/2020/09/noimg.jpg', '2020-08-31 22:18:22', '2020-08-31 22:18:22'),
(98, 'كولد كنترول أقراص', NULL, '15.00', 33, 'https://www.dawapharm.com/wp-content/uploads/2020/09/noimg.jpg', '2020-08-31 22:18:53', '2020-08-31 22:18:53'),
(99, 'ديكلاسيوم أقراص', NULL, '24.00', 34, 'https://www.dawapharm.com/wp-content/uploads/2020/09/noimg.jpg', '2020-08-31 22:19:15', '2020-08-31 22:19:15'),
(100, 'كيتوجيسك 50 مجم  أقراص', NULL, '13.50', 28, 'https://www.dawapharm.com/wp-content/uploads/2020/09/noimg.jpg', '2020-08-31 22:19:51', '2020-10-29 04:14:35'),
(101, 'ويلنس كبسول', NULL, '16.50', 36, 'https://www.dawapharm.com/wp-content/uploads/2020/09/noimg.jpg', '2020-08-31 22:20:11', '2020-08-31 22:20:11'),
(102, 'زوركال 40 مجم أقراص', NULL, '46.25', 32, 'https://www.dawapharm.com/wp-content/uploads/2020/09/noimg.jpg', '2020-08-31 22:21:27', '2020-10-29 04:15:31'),
(103, 'جستكول 10 مجم  أقراص', NULL, '33.00', 33, 'https://www.dawapharm.com/wp-content/uploads/2020/09/noimg.jpg', '2020-08-31 22:21:48', '2020-10-29 04:15:43'),
(104, 'جستكول 20 مجم أقراص', NULL, '57.50', 34, 'https://www.dawapharm.com/wp-content/uploads/2020/09/noimg.jpg', '2020-08-31 22:22:57', '2020-10-29 04:15:52'),
(105, 'بانتلوك 20 مجم أقراص', NULL, '30.00', 41, 'https://www.dawapharm.com/wp-content/uploads/2020/09/noimg.jpg', '2020-08-31 22:23:37', '2020-08-31 22:23:37'),
(106, 'ايزموبمب 40 مجم أقراص', NULL, '66.00', 42, 'https://www.dawapharm.com/wp-content/uploads/2020/09/noimg.jpg', '2020-08-31 22:23:55', '2020-08-31 22:23:55'),
(107, 'بروتفكس 20 مجم أقراص', NULL, '45.00', 35, 'https://www.dawapharm.com/wp-content/uploads/2020/09/noimg.jpg', '2020-08-31 22:24:58', '2020-10-29 04:16:22'),
(108, 'بروتفكس 40 مجم أقراص', NULL, '51.75', 36, 'https://www.dawapharm.com/wp-content/uploads/2020/09/noimg.jpg', '2020-08-31 22:25:24', '2020-10-29 04:16:31'),
(109, 'الفافين 600مجم أقراص', NULL, '15.75', 45, 'https://www.dawapharm.com/wp-content/uploads/2020/09/noimg.jpg', '2020-08-31 22:25:48', '2020-08-31 22:25:48'),
(110, 'ازجوفانس 20 مجم أقراص', NULL, '19.00', 46, 'https://www.dawapharm.com/wp-content/uploads/2020/09/noimg.jpg', '2020-08-31 22:26:42', '2020-08-31 22:26:42'),
(111, 'ازجوفانس 40 مجم أقراص', NULL, '27.00', 47, 'https://www.dawapharm.com/wp-content/uploads/2020/09/noimg.jpg', '2020-08-31 22:27:06', '2020-08-31 22:27:06'),
(112, 'اريكتالس 20 مجم أقراص', NULL, '50.00', 48, 'https://www.dawapharm.com/wp-content/uploads/2020/09/noimg.jpg', '2020-08-31 22:27:32', '2020-08-31 22:27:32'),
(113, 'فلوفيرمال أقراص', NULL, '27.00', 29, 'https://www.dawapharm.com/wp-content/uploads/2020/09/noimg.jpg', '2020-08-31 22:27:56', '2020-10-29 04:14:57'),
(114, 'شيتوكال كبسول', NULL, '134.50', 50, 'https://www.dawapharm.com/wp-content/uploads/2020/09/noimg.jpg', '2020-08-31 22:28:26', '2020-08-31 22:28:26'),
(115, 'جينكوستازين كبسول', NULL, '39.75', 51, 'https://www.dawapharm.com/wp-content/uploads/2020/09/noimg.jpg', '2020-08-31 22:28:54', '2020-08-31 22:28:54'),
(116, 'ماكسيكال 600 مجم كبسول', NULL, '49.50', 52, 'https://www.dawapharm.com/wp-content/uploads/2020/09/noimg.jpg', '2020-08-31 22:29:16', '2020-08-31 22:29:16'),
(117, 'يوبي كت كبسول', NULL, '91.00', 30, 'https://www.dawapharm.com/wp-content/uploads/2020/09/noimg.jpg', '2020-08-31 22:29:46', '2020-10-29 04:15:11'),
(118, 'اس ام ار  أقراص', NULL, '18.00', 54, 'https://www.dawapharm.com/wp-content/uploads/2020/09/noimg.jpg', '2020-08-31 22:30:18', '2020-08-31 22:30:18'),
(119, 'ديامونركتا 2 قرص', NULL, '50.00', 73, 'https://www.dawapharm.com/wp-content/uploads/2020/09/noimg.jpg', '2020-08-31 22:42:26', '2020-08-31 22:42:26'),
(120, 'ديامونركتا 4 قرص', NULL, '100.00', 74, 'https://www.dawapharm.com/wp-content/uploads/2020/09/noimg.jpg', '2020-08-31 22:42:51', '2020-08-31 22:42:51'),
(121, 'ترايجيندا 200 مجم أقراص', NULL, '36.00', 76, 'https://www.dawapharm.com/wp-content/uploads/2020/09/noimg.jpg', '2020-08-31 22:44:42', '2020-08-31 22:44:42'),
(122, 'بريليانت أقراص', NULL, '22.00', 77, 'https://www.dawapharm.com/wp-content/uploads/2020/09/noimg.jpg', '2020-08-31 22:45:27', '2020-08-31 22:45:27'),
(123, 'ديكلوفين فاست', NULL, '18.00', 78, 'https://www.dawapharm.com/wp-content/uploads/2020/09/noimg.jpg', '2020-08-31 22:45:56', '2020-08-31 22:45:56'),
(124, 'فلاش اكت أكياس', NULL, '16.25', 79, 'https://www.dawapharm.com/wp-content/uploads/2020/09/noimg.jpg', '2020-08-31 22:46:22', '2020-08-31 22:46:22'),
(125, 'ادفانس صابون', NULL, '25.00', 80, 'https://www.dawapharm.com/wp-content/uploads/2020/09/noimg.jpg', '2020-08-31 22:46:40', '2020-08-31 22:46:40'),
(126, 'فاكتو اقماع', NULL, '30.00', 81, 'https://www.dawapharm.com/wp-content/uploads/2020/09/noimg.jpg', '2020-08-31 22:47:30', '2020-08-31 22:47:30'),
(127, 'اكانزا اسبراي', NULL, '55.00', 82, 'https://www.dawapharm.com/wp-content/uploads/2020/09/noimg.jpg', '2020-08-31 22:47:48', '2020-08-31 22:47:48'),
(128, 'سالكودين نقط', NULL, '19.20', 83, 'https://www.dawapharm.com/wp-content/uploads/2020/09/noimg.jpg', '2020-08-31 22:50:22', '2020-08-31 22:50:22'),
(129, 'بروزولين قطرة', NULL, '9.00', 84, 'https://www.dawapharm.com/wp-content/uploads/2020/09/noimg.jpg', '2020-08-31 22:50:43', '2020-08-31 22:50:43'),
(130, 'اوبتيك سالين قطرة', NULL, '18.00', 85, 'https://www.dawapharm.com/wp-content/uploads/2020/09/noimg.jpg', '2020-08-31 22:51:12', '2020-08-31 22:51:12'),
(131, 'ازور تشطيف أكياس', NULL, '7.00', 86, 'https://www.dawapharm.com/wp-content/uploads/2020/09/noimg.jpg', '2020-08-31 23:01:04', '2020-08-31 23:01:04'),
(132, 'كاندي استحلاب', NULL, '20.00', 90, 'https://www.dawapharm.com/wp-content/uploads/2020/09/noimg.jpg', '2020-08-31 23:02:38', '2020-08-31 23:02:38'),
(133, 'ايوكال جل كبير', NULL, '30.00', 92, 'https://www.dawapharm.com/wp-content/uploads/2020/09/noimg.jpg', '2020-08-31 23:03:09', '2021-02-04 19:31:55'),
(134, 'ايوكال كريم كبير', NULL, '30.00', 63, 'https://www.dawapharm.com/wp-content/uploads/2020/09/noimg.jpg', '2020-08-31 23:03:22', '2021-02-04 20:14:17'),
(135, 'اكني ستوب كريم', NULL, '33.20', 61, 'https://www.dawapharm.com/wp-content/uploads/2020/09/noimg.jpg', '2020-08-31 23:03:41', '2020-10-29 04:22:22'),
(136, 'ديفوزين كريم', NULL, '22.00', 95, 'https://www.dawapharm.com/wp-content/uploads/2020/09/noimg.jpg', '2020-08-31 23:03:59', '2020-08-31 23:03:59'),
(137, 'جي تي ان كريم', NULL, '29.00', 96, 'https://www.dawapharm.com/wp-content/uploads/2020/09/noimg.jpg', '2020-08-31 23:04:23', '2020-08-31 23:04:23'),
(138, 'ريبو كريم', NULL, '50.00', 97, 'https://www.dawapharm.com/wp-content/uploads/2020/09/noimg.jpg', '2020-08-31 23:04:48', '2020-08-31 23:04:48'),
(139, 'ريفان كريم', NULL, '40.00', 98, 'https://www.dawapharm.com/wp-content/uploads/2020/09/noimg.jpg', '2020-08-31 23:05:06', '2020-08-31 23:05:06'),
(140, 'ريلاكس جل', NULL, '35.00', 99, 'https://www.dawapharm.com/wp-content/uploads/2020/09/noimg.jpg', '2020-08-31 23:05:22', '2020-08-31 23:05:22'),
(141, 'بروتيكا اسبراي', NULL, '29.00', 100, 'https://www.dawapharm.com/wp-content/uploads/2020/09/noimg.jpg', '2020-08-31 23:05:48', '2020-08-31 23:05:48'),
(142, 'بروتيكا لسيون', NULL, '25.00', 101, 'https://www.dawapharm.com/wp-content/uploads/2020/09/noimg.jpg', '2020-08-31 23:06:07', '2020-08-31 23:06:07'),
(143, 'ايزموبمب 20 مجم أقراص', NULL, '65.00', 1, 'https://www.dawapharm.com/wp-content/uploads/2020/09/noimg.jpg', '2020-10-01 06:27:00', '2020-10-01 06:27:00'),
(144, 'ايتم شامبو', NULL, '18.00', 59, 'https://www.dawapharm.com/wp-content/uploads/2020/09/noimg.jpg', '2020-10-01 06:27:23', '2020-10-29 04:22:04'),
(145, 'كيتورال شامبو', NULL, '44.00', 58, 'https://www.dawapharm.com/wp-content/uploads/2020/09/noimg.jpg', '2020-10-01 06:28:56', '2020-10-29 04:21:56'),
(146, 'فلومكس 500 مجم كبسول', NULL, '32.50', 18, 'https://www.dawapharm.com/wp-content/uploads/2020/09/noimg.jpg', '2020-10-01 06:33:36', '2020-10-29 04:12:06'),
(147, 'الكوفان أقراص', NULL, '12.00', 27, 'https://www.dawapharm.com/wp-content/uploads/2020/09/noimg.jpg', '2020-10-29 03:55:50', '2020-10-29 04:24:32'),
(148, 'تراى بى أمبول', NULL, '27.00', 15, 'https://www.dawapharm.com/wp-content/uploads/2020/09/noimg.jpg', '2020-10-29 03:56:23', '2020-10-29 04:05:43'),
(149, 'زوراكسون 500 مجم فيال', NULL, '13.50', 11, 'https://www.dawapharm.com/wp-content/uploads/2020/09/noimg.jpg', '2020-10-29 03:57:17', '2020-10-29 04:05:00'),
(150, 'سيفاكسون 2 جم فيال', NULL, '50.50', 9, 'https://www.dawapharm.com/wp-content/uploads/2020/09/noimg.jpg', '2020-10-29 03:58:24', '2020-10-29 04:04:38'),
(151, 'يونكتام 1500 مجم فيال', NULL, '24.00', 3, 'https://www.dawapharm.com/wp-content/uploads/2020/09/noimg.jpg', '2020-10-29 03:59:04', '2020-10-29 04:03:00'),
(152, 'يونكتام 750 مجم فيال', NULL, '16.00', 4, 'https://www.dawapharm.com/wp-content/uploads/2020/09/noimg.jpg', '2020-10-29 03:59:23', '2020-10-29 04:03:11'),
(153, 'ستريب ماكس استحلاب', 'العبوة 40 شريط - الشريط 8 قرص', '320.00', 36, 'https://www.dawapharm.com/wp-content/uploads/2020/09/noimg.jpg', '2020-10-29 04:00:52', '2020-10-29 04:31:28'),
(154, 'ايوكال كريم صغير', NULL, '20.00', 64, 'https://www.dawapharm.com/wp-content/uploads/2020/09/noimg.jpg', '2020-10-29 04:23:20', '2020-10-29 04:23:20'),
(155, 'دكسترافاست اقراص', 'دكسكيتوبروفين تروميتامول', '21.00', 0, 'https://www.dawapharm.com/wp-content/uploads/2020/09/noimg.jpg', '2020-11-30 06:40:37', '2020-11-30 06:40:37'),
(156, 'دانوفران 8 ملى امبول', 'Ondansetron 8 mg', '30.00', 0, 'https://www.dawapharm.com/wp-content/uploads/2020/09/noimg.jpg', '2020-11-30 06:42:19', '2020-11-30 06:42:49'),
(157, 'دانوفران 4 ملى امبول', 'Ondansetron 4 mg', '19.20', 0, 'https://www.dawapharm.com/wp-content/uploads/2020/09/noimg.jpg', '2020-11-30 06:43:18', '2020-11-30 06:43:18'),
(158, 'ميدوكس بيور جل 50 جم', 'جل مساج', '35.00', 0, 'https://www.dawapharm.com/wp-content/uploads/2020/09/noimg.jpg', '2020-11-30 06:44:11', '2020-11-30 06:44:11'),
(159, 'سرنجات الدولية  5 سم', 'العلبة 200 سرنجة', '300.00', 0, 'https://www.dawapharm.com/wp-content/uploads/2020/09/noimg.jpg', '2020-11-30 06:48:16', '2021-05-13 05:31:00'),
(160, 'بيراسيف 1 جرام فيال', 'سيفوبيرازون 1000 مجم', '23.25', 0, 'https://www.dawapharm.com/wp-content/uploads/2020/09/noimg.jpg', '2020-11-30 07:14:45', '2021-01-04 00:21:15'),
(161, 'انتفلام 50 مجم اقراص', NULL, '22.50', 0, 'https://www.dawapharm.com/wp-content/uploads/2020/09/noimg.jpg', '2020-11-30 07:18:14', '2020-11-30 07:18:14'),
(162, 'ايرودكس حديد اقراص', NULL, '64.00', 0, 'https://www.dawapharm.com/wp-content/uploads/2020/09/noimg.jpg', '2020-11-30 07:19:43', '2020-11-30 07:19:43'),
(163, 'فاردينوريكت اقراص', NULL, '60.00', 0, 'https://www.dawapharm.com/wp-content/uploads/2020/09/noimg.jpg', '2020-11-30 07:25:06', '2020-11-30 07:25:06'),
(164, 'فاردينوديب اقراص', NULL, '28.80', 0, 'https://www.dawapharm.com/wp-content/uploads/2020/09/noimg.jpg', '2020-11-30 07:25:27', '2020-11-30 07:25:27'),
(165, 'سرنجات الدولية 3 سم رضع', 'العلبة 250 سرنجة', '250.00', 0, 'https://www.dawapharm.com/wp-content/uploads/2020/09/noimg.jpg', '2021-01-04 00:20:08', '2021-05-13 05:31:11'),
(166, 'كورتيبلكس امبول اطفال', NULL, '22.50', 0, 'https://www.dawapharm.com/wp-content/uploads/2020/09/noimg.jpg', '2021-01-04 00:27:24', '2021-01-04 00:27:24'),
(167, 'كورتيبلكس امبول كبار', NULL, '27.00', 0, 'https://www.dawapharm.com/wp-content/uploads/2020/09/noimg.jpg', '2021-01-04 00:30:03', '2021-01-04 00:30:03'),
(168, 'سيفوتاكس 2 جم ايبكو', NULL, '32.50', 0, 'https://www.dawapharm.com/wp-content/uploads/2020/09/noimg.jpg', '2021-01-04 00:33:37', '2021-01-04 00:33:37'),
(169, 'كوبالفكس ب 12 امبول', NULL, '10.00', 0, 'https://www.dawapharm.com/wp-content/uploads/2020/09/noimg.jpg', '2021-01-04 00:34:28', '2021-01-04 00:34:28'),
(170, 'سالبين 1500 مجم فيال', NULL, '24.00', 0, 'https://www.dawapharm.com/wp-content/uploads/2020/09/noimg.jpg', '2021-01-04 00:34:46', '2021-01-04 00:34:46'),
(171, 'سالبين 750 مجم فيال', NULL, '16.00', 0, 'https://www.dawapharm.com/wp-content/uploads/2020/09/noimg.jpg', '2021-01-04 00:35:24', '2021-01-04 00:35:24'),
(172, 'ميسوبرين 1 جم فيال', NULL, '20.00', 0, 'https://www.dawapharm.com/wp-content/uploads/2020/09/noimg.jpg', '2021-01-04 00:36:03', '2021-01-04 00:36:03'),
(173, 'سيفوران  500 فيال  عضل', NULL, '15.00', 0, 'https://www.dawapharm.com/wp-content/uploads/2020/09/noimg.jpg', '2021-01-04 00:38:13', '2021-01-04 00:38:13'),
(174, 'دياكس اقراص', NULL, '10.50', 0, 'https://www.dawapharm.com/wp-content/uploads/2020/09/noimg.jpg', '2021-01-04 00:38:42', '2021-01-04 00:38:42'),
(175, 'دولو دي اقراص', NULL, '16.50', 0, 'https://www.dawapharm.com/wp-content/uploads/2020/09/noimg.jpg', '2021-01-04 00:38:59', '2021-01-04 00:38:59'),
(176, 'انتي فلو كبسول', NULL, '12.75', 0, 'https://www.dawapharm.com/wp-content/uploads/2020/09/noimg.jpg', '2021-01-04 00:41:05', '2021-01-04 00:41:05'),
(177, 'ازاليد ازيثروميسن اقراص', NULL, '32.50', 0, 'https://www.dawapharm.com/wp-content/uploads/2020/09/noimg.jpg', '2021-01-04 00:42:13', '2021-01-04 00:42:23'),
(178, 'كيتوفان  50 مجم كبسول', NULL, '10.50', 0, 'https://www.dawapharm.com/wp-content/uploads/2020/09/noimg.jpg', '2021-01-04 00:43:51', '2021-01-04 00:43:51'),
(179, 'مارفيوجولين  50 مجم  اقراص', NULL, '45.00', 0, 'https://www.dawapharm.com/wp-content/uploads/2020/09/noimg.jpg', '2021-01-04 00:47:21', '2021-01-04 00:47:21'),
(180, 'سيبروميجا 500 مجم اقراص', NULL, '32.50', 0, 'https://www.dawapharm.com/wp-content/uploads/2020/09/noimg.jpg', '2021-01-04 00:48:33', '2021-01-04 00:48:33'),
(181, 'سيبروميجا XL اقراص', NULL, '54.00', 0, 'https://www.dawapharm.com/wp-content/uploads/2020/09/noimg.jpg', '2021-01-04 00:49:10', '2021-01-04 00:49:10'),
(182, 'سيبروتاك 500 مجم اقراص', NULL, '32.50', 0, 'https://www.dawapharm.com/wp-content/uploads/2020/09/noimg.jpg', '2021-01-04 00:50:14', '2021-01-04 00:50:14'),
(183, 'فيتوشيتوزان اقراص', 'شيتوزان 500 مجم', '40.50', 0, 'https://www.dawapharm.com/wp-content/uploads/2020/09/noimg.jpg', '2021-01-04 00:51:16', '2021-03-05 20:40:45'),
(184, 'كالسي بلس اقراص', NULL, '36.00', 0, 'https://www.dawapharm.com/wp-content/uploads/2020/09/noimg.jpg', '2021-01-04 00:51:45', '2021-01-04 00:51:45'),
(185, 'اورافيت ب 12 كبسول', NULL, '18.00', 0, 'https://www.dawapharm.com/wp-content/uploads/2020/09/noimg.jpg', '2021-01-04 00:53:14', '2021-01-04 00:53:14'),
(186, 'بانتلوك 40 مجم اقراص', NULL, '52.50', 0, 'https://www.dawapharm.com/wp-content/uploads/2020/09/noimg.jpg', '2021-01-04 00:53:42', '2021-01-04 00:53:42'),
(187, 'تراي بي اقراص', NULL, '25.00', 0, 'https://www.dawapharm.com/wp-content/uploads/2020/09/noimg.jpg', '2021-01-04 00:54:09', '2021-01-04 00:54:09'),
(188, 'ديورجوي 60 مجم اقراص', NULL, '45.00', 0, 'https://www.dawapharm.com/wp-content/uploads/2020/09/noimg.jpg', '2021-01-04 00:55:28', '2021-01-04 00:55:28'),
(189, 'ديكلواد اكياس', NULL, '18.00', 0, 'https://www.dawapharm.com/wp-content/uploads/2020/09/noimg.jpg', '2021-01-04 00:55:44', '2021-01-04 00:55:44'),
(190, 'روتاج كريم جلد', NULL, '85.00', 0, 'https://www.dawapharm.com/wp-content/uploads/2020/09/noimg.jpg', '2021-01-04 00:56:31', '2021-01-04 00:56:31'),
(191, 'روتاج كريم شعر', NULL, '60.00', 0, 'https://www.dawapharm.com/wp-content/uploads/2020/09/noimg.jpg', '2021-01-04 00:56:52', '2021-01-04 00:56:52'),
(192, 'كليوباترا كريم', NULL, '10.50', 0, 'https://www.dawapharm.com/wp-content/uploads/2020/09/noimg.jpg', '2021-01-04 00:57:13', '2021-01-04 00:57:13'),
(193, 'سيلفر سيز كبسول', NULL, '45.00', 0, 'https://www.dawapharm.com/wp-content/uploads/2020/09/noimg.jpg', '2021-01-04 00:57:38', '2021-01-04 00:57:38'),
(194, 'لوكسيد ار مرهم', NULL, '13.00', 0, 'https://www.dawapharm.com/wp-content/uploads/2020/09/noimg.jpg', '2021-01-04 00:57:56', '2021-01-04 00:57:56'),
(195, 'ماجيك لوك كريم', NULL, '45.00', 0, 'https://www.dawapharm.com/wp-content/uploads/2020/09/noimg.jpg', '2021-01-04 00:58:14', '2021-01-04 00:58:14'),
(196, 'ليفر البيومين بلس أقراص', NULL, '49.50', 0, 'https://www.dawapharm.com/wp-content/uploads/2020/09/noimg.jpg', '2021-01-04 00:58:40', '2021-01-04 00:58:40'),
(197, 'مون لايت كريم صغير', NULL, '30.00', 0, 'https://www.dawapharm.com/wp-content/uploads/2020/09/noimg.jpg', '2021-01-04 00:59:00', '2021-01-04 00:59:00'),
(198, 'مون لايت كريم كبير', NULL, '50.00', 0, 'https://www.dawapharm.com/wp-content/uploads/2020/09/noimg.jpg', '2021-01-04 00:59:18', '2021-01-04 00:59:18'),
(199, 'باور كولد اقراص', NULL, '18.00', 0, 'https://www.dawapharm.com/wp-content/uploads/2020/09/noimg.jpg', '2021-01-04 02:41:53', '2021-01-04 02:41:53'),
(200, 'اتكونافيل 100 مجم اقراص', NULL, '39.25', 0, 'https://www.dawapharm.com/wp-content/uploads/2020/09/noimg.jpg', '2021-02-04 19:04:21', '2021-02-04 19:04:21'),
(201, 'اتكونافيل 200 مجم اقراص', NULL, '56.35', 0, 'https://www.dawapharm.com/wp-content/uploads/2020/09/noimg.jpg', '2021-02-04 19:04:48', '2021-02-04 19:04:48'),
(202, 'اريكتامكس اقراص', NULL, '50.00', 0, 'https://www.dawapharm.com/wp-content/uploads/2020/09/noimg.jpg', '2021-02-04 19:05:00', '2021-02-04 19:05:00'),
(203, 'استين 20 مجم اقراص', NULL, '28.80', 0, 'https://www.dawapharm.com/wp-content/uploads/2020/09/noimg.jpg', '2021-02-04 19:05:19', '2021-02-04 19:05:19'),
(204, 'اسكلوكوبا 100 مجم اقراص', NULL, '22.50', 0, 'https://www.dawapharm.com/wp-content/uploads/2020/09/noimg.jpg', '2021-02-04 19:05:36', '2021-02-04 19:05:36'),
(205, 'اتشي اقراص', NULL, '14.25', 0, 'https://www.dawapharm.com/wp-content/uploads/2020/09/noimg.jpg', '2021-02-04 19:06:07', '2021-02-04 19:06:07'),
(206, 'ارثروزامين اقراص', NULL, '31.50', 0, 'https://www.dawapharm.com/wp-content/uploads/2020/09/noimg.jpg', '2021-02-04 19:06:32', '2021-02-04 19:06:32'),
(207, 'اريكتوباك 2 قرص', NULL, '50.00', 0, 'https://www.dawapharm.com/wp-content/uploads/2020/09/noimg.jpg', '2021-02-04 19:06:50', '2021-02-04 19:06:50'),
(208, 'ازموراب 40 مجم اقراص', NULL, '72.00', 0, 'https://www.dawapharm.com/wp-content/uploads/2020/09/noimg.jpg', '2021-02-04 19:07:04', '2021-02-04 19:07:04'),
(209, 'ازموراب فيال', NULL, '47.00', 0, 'https://www.dawapharm.com/wp-content/uploads/2020/09/noimg.jpg', '2021-02-04 19:07:18', '2021-02-04 19:07:18'),
(210, 'اكتاجور 100 مجم اقراص', NULL, '45.00', 0, 'https://www.dawapharm.com/wp-content/uploads/2020/09/noimg.jpg', '2021-02-04 19:07:33', '2021-02-04 19:07:33'),
(211, 'اكتيموكسيفلوكس 400 مجم اقراص', NULL, '54.00', 0, 'https://www.dawapharm.com/wp-content/uploads/2020/09/noimg.jpg', '2021-02-04 19:07:47', '2021-02-04 19:07:47'),
(212, 'الكوفان جل', NULL, '8.25', 0, 'https://www.dawapharm.com/wp-content/uploads/2020/09/noimg.jpg', '2021-02-04 19:08:12', '2021-02-04 19:08:12'),
(213, 'اليفو 5 مجم اقراص', NULL, '21.00', 0, 'https://www.dawapharm.com/wp-content/uploads/2020/09/noimg.jpg', '2021-02-04 19:08:30', '2021-02-04 19:08:30'),
(214, 'اندوبوكستين 60 مجم اقراص', NULL, '33.75', 0, 'https://www.dawapharm.com/wp-content/uploads/2020/09/noimg.jpg', '2021-02-04 19:18:43', '2021-02-04 19:18:43'),
(215, 'اوتوكورت نقط', NULL, '10.50', 0, 'https://www.dawapharm.com/wp-content/uploads/2020/09/noimg.jpg', '2021-02-04 19:27:59', '2021-02-04 19:27:59'),
(216, 'اوسترشيل اقراص', NULL, '42.00', 0, 'https://www.dawapharm.com/wp-content/uploads/2020/09/noimg.jpg', '2021-02-04 19:28:58', '2021-02-04 19:28:58'),
(217, 'اوستيورين اقراص', NULL, '63.60', 0, 'https://www.dawapharm.com/wp-content/uploads/2020/09/noimg.jpg', '2021-02-04 19:29:12', '2021-02-04 19:29:12'),
(218, 'اوفلام 50 مجم اقراص', NULL, '22.50', 0, 'https://www.dawapharm.com/wp-content/uploads/2020/09/noimg.jpg', '2021-02-04 19:29:25', '2021-02-04 19:29:25'),
(219, 'اوكيوزولين قطره', NULL, '5.00', 0, 'https://www.dawapharm.com/wp-content/uploads/2020/09/noimg.jpg', '2021-02-04 19:30:17', '2021-02-04 19:30:17'),
(220, 'ايتوماش 50 مجم اقراص', NULL, '31.50', 0, 'https://www.dawapharm.com/wp-content/uploads/2020/09/noimg.jpg', '2021-02-04 19:31:10', '2021-02-04 19:31:10'),
(221, 'ايزومبكس 40 مجم كبسول', NULL, '80.00', 0, 'https://www.dawapharm.com/wp-content/uploads/2020/09/noimg.jpg', '2021-02-04 19:31:22', '2021-02-04 19:31:22'),
(222, 'ايوكال جل صغير', NULL, '20.00', 0, 'https://www.dawapharm.com/wp-content/uploads/2020/09/noimg.jpg', '2021-02-04 19:32:20', '2021-02-04 19:32:20'),
(223, 'بانثوزين 30 جم كريم', NULL, '22.00', 0, 'https://www.dawapharm.com/wp-content/uploads/2020/09/noimg.jpg', '2021-02-04 19:33:00', '2021-02-04 19:33:00'),
(224, 'بروتفكس فيال وريد', NULL, '45.00', 0, 'https://www.dawapharm.com/wp-content/uploads/2020/09/noimg.jpg', '2021-02-04 19:33:18', '2021-02-04 19:33:18'),
(225, 'بلانكا 50 جم كريم', NULL, '68.00', 0, 'https://www.dawapharm.com/wp-content/uploads/2020/09/noimg.jpg', '2021-02-04 19:33:48', '2021-02-04 19:33:48'),
(226, 'بنتازول فيال وريد', NULL, '33.60', 0, 'https://www.dawapharm.com/wp-content/uploads/2020/09/noimg.jpg', '2021-02-04 19:34:04', '2021-02-04 19:34:04'),
(227, 'بيرلا كريم', NULL, '65.00', 0, 'https://www.dawapharm.com/wp-content/uploads/2020/09/noimg.jpg', '2021-02-04 19:34:47', '2021-02-04 19:34:47'),
(228, 'تادا اقراص', NULL, '50.00', 0, 'https://www.dawapharm.com/wp-content/uploads/2020/09/noimg.jpg', '2021-02-04 19:36:09', '2021-02-04 19:36:09'),
(229, 'تادالونج 20 مجم اقراص', NULL, '40.00', 0, 'https://www.dawapharm.com/wp-content/uploads/2020/09/noimg.jpg', '2021-02-04 19:36:24', '2021-02-04 19:36:24'),
(230, 'تادانيرف 20 مجم اقراص', NULL, '72.00', 0, 'https://www.dawapharm.com/wp-content/uploads/2020/09/noimg.jpg', '2021-02-04 19:36:37', '2021-02-04 19:36:37'),
(231, 'جويبوكس 60 مجم 6 قرص', NULL, '85.00', 0, 'https://www.dawapharm.com/wp-content/uploads/2020/09/noimg.jpg', '2021-02-04 19:36:51', '2021-02-04 19:36:51'),
(232, 'درلجي 60 مجم اقراص', NULL, '90.00', 0, 'https://www.dawapharm.com/wp-content/uploads/2020/09/noimg.jpg', '2021-02-04 19:37:13', '2021-02-04 19:37:13'),
(233, 'دس اب جل', NULL, '55.00', 0, 'https://www.dawapharm.com/wp-content/uploads/2020/09/noimg.jpg', '2021-02-04 19:37:27', '2021-02-04 19:37:27'),
(234, 'ديرمابيور كريم', NULL, '52.00', 0, 'https://www.dawapharm.com/wp-content/uploads/2020/09/noimg.jpg', '2021-02-04 19:37:46', '2021-02-04 19:37:46'),
(235, 'ديرماسوفت 60 جم كريم', NULL, '28.00', 0, 'https://www.dawapharm.com/wp-content/uploads/2020/09/noimg.jpg', '2021-02-04 19:38:02', '2021-02-04 19:38:02'),
(236, 'ديرماسوفت كريم بلس', NULL, '120.00', 0, 'https://www.dawapharm.com/wp-content/uploads/2020/09/noimg.jpg', '2021-02-04 19:38:16', '2021-02-04 19:38:16'),
(238, 'ديكساكيتوكير اقراص', NULL, '36.00', 0, 'https://www.dawapharm.com/wp-content/uploads/2020/09/noimg.jpg', '2021-02-04 19:39:06', '2021-02-04 19:39:06'),
(239, 'ديكلورابيد اقراص', NULL, '26.00', 0, 'https://www.dawapharm.com/wp-content/uploads/2020/09/noimg.jpg', '2021-02-04 19:39:38', '2021-02-04 19:39:38'),
(240, 'ديكلونيتريوم اقراص', NULL, '28.00', 0, 'https://www.dawapharm.com/wp-content/uploads/2020/09/noimg.jpg', '2021-02-04 19:41:40', '2021-02-04 19:41:40'),
(241, 'ديلبي 60 مجم اقراص', NULL, '60.00', 0, 'https://www.dawapharm.com/wp-content/uploads/2020/09/noimg.jpg', '2021-02-04 19:41:56', '2021-02-04 19:41:56'),
(242, 'راميسفتراكس 1 جم عضل', NULL, '23.50', 0, 'https://www.dawapharm.com/wp-content/uploads/2020/09/noimg.jpg', '2021-02-04 19:42:11', '2021-02-04 19:42:11'),
(243, 'راميسفتراكس 1 جم وريد', NULL, '23.50', 0, 'https://www.dawapharm.com/wp-content/uploads/2020/09/noimg.jpg', '2021-02-04 19:42:27', '2021-02-04 19:42:27'),
(244, 'روماتيزين كريم 30 جم', NULL, '16.50', 0, 'https://www.dawapharm.com/wp-content/uploads/2020/09/noimg.jpg', '2021-02-04 19:42:42', '2021-02-04 19:42:42'),
(245, 'رينوكالم اقراص', NULL, '19.50', 0, 'https://www.dawapharm.com/wp-content/uploads/2020/09/noimg.jpg', '2021-02-04 19:42:56', '2021-02-04 19:42:56'),
(246, 'سبازموديجستين اقراص', NULL, '22.50', 0, 'https://www.dawapharm.com/wp-content/uploads/2020/09/noimg.jpg', '2021-02-04 19:43:17', '2021-02-04 19:43:17'),
(247, 'ستوميجاز 40 مجم كبسول', NULL, '54.00', 0, 'https://www.dawapharm.com/wp-content/uploads/2020/09/noimg.jpg', '2021-02-04 19:43:32', '2021-02-04 19:43:32'),
(248, 'سليب ايز 2 مجم اقراص', NULL, '18.00', 0, 'https://www.dawapharm.com/wp-content/uploads/2020/09/noimg.jpg', '2021-02-04 19:43:45', '2021-02-04 19:43:45'),
(249, 'سوبر اوميجا كبسول', NULL, '44.75', 0, 'https://www.dawapharm.com/wp-content/uploads/2020/09/noimg.jpg', '2021-02-04 19:44:00', '2021-02-04 19:44:00'),
(250, 'سيالونج اقراص', NULL, '40.00', 0, 'https://www.dawapharm.com/wp-content/uploads/2020/09/noimg.jpg', '2021-02-04 19:44:13', '2021-02-04 19:44:13'),
(251, 'سيفايوس 500 فيال', NULL, '12.00', 0, 'https://www.dawapharm.com/wp-content/uploads/2020/09/noimg.jpg', '2021-02-04 19:44:26', '2021-02-04 19:44:26'),
(252, 'سيفوتاكس 250 فيال ايبكو', NULL, '10.50', 0, 'https://www.dawapharm.com/wp-content/uploads/2020/09/noimg.jpg', '2021-02-04 19:44:46', '2021-02-04 19:44:46'),
(253, 'عازل طبي داندل', NULL, '8.00', 0, 'https://www.dawapharm.com/wp-content/uploads/2020/09/noimg.jpg', '2021-02-04 19:44:59', '2021-02-04 19:44:59'),
(254, 'فاجيكليند كريم', NULL, '27.00', 0, 'https://www.dawapharm.com/wp-content/uploads/2020/09/noimg.jpg', '2021-02-04 19:45:16', '2021-02-04 19:45:16'),
(255, 'فارديروز 20 مجم اقراص', NULL, '78.00', 0, 'https://www.dawapharm.com/wp-content/uploads/2020/09/noimg.jpg', '2021-02-04 19:45:27', '2021-02-04 19:45:27'),
(256, 'فارديكشن اقراص', NULL, '30.00', 0, 'https://www.dawapharm.com/wp-content/uploads/2020/09/noimg.jpg', '2021-02-04 19:45:46', '2021-02-04 19:45:46'),
(257, 'فايزين قطره اخضر', NULL, '16.50', 0, 'https://www.dawapharm.com/wp-content/uploads/2020/09/noimg.jpg', '2021-02-04 19:46:00', '2021-02-04 19:46:00'),
(258, 'فورتيستيب 60 مجم اقراص', NULL, '60.00', 0, 'https://www.dawapharm.com/wp-content/uploads/2020/09/noimg.jpg', '2021-02-04 19:46:14', '2021-02-04 19:46:14'),
(259, 'فوليك اسد النيل', NULL, '15.75', 0, 'https://www.dawapharm.com/wp-content/uploads/2020/09/noimg.jpg', '2021-02-04 19:46:28', '2021-02-04 19:46:28'),
(260, 'فوليك اسد ايبكو', NULL, '7.00', 0, 'https://www.dawapharm.com/wp-content/uploads/2020/09/noimg.jpg', '2021-02-04 19:46:39', '2021-02-04 19:46:39'),
(261, 'فيتوياجرا اقراص', NULL, '18.75', 0, 'https://www.dawapharm.com/wp-content/uploads/2020/09/noimg.jpg', '2021-02-04 19:46:53', '2021-02-04 19:46:53'),
(262, 'فيروتكس اقراص حديد', NULL, '50.00', 0, 'https://www.dawapharm.com/wp-content/uploads/2020/09/noimg.jpg', '2021-02-04 19:47:06', '2021-02-04 19:47:06'),
(263, 'فيوتابان 40 مجم فيال', NULL, '33.75', 0, 'https://www.dawapharm.com/wp-content/uploads/2020/09/noimg.jpg', '2021-02-04 19:47:28', '2021-02-04 19:47:28'),
(264, 'كريبتوناز اقراص', NULL, '28.80', 0, 'https://www.dawapharm.com/wp-content/uploads/2020/09/noimg.jpg', '2021-02-04 19:47:40', '2021-02-04 19:47:40'),
(265, 'كولد ستوب اقراص', NULL, '22.50', 0, 'https://www.dawapharm.com/wp-content/uploads/2020/09/noimg.jpg', '2021-02-04 19:47:53', '2021-02-04 19:47:53'),
(266, 'لانتوبيب 60 مجم اقراص', NULL, '73.00', 0, 'https://www.dawapharm.com/wp-content/uploads/2020/09/noimg.jpg', '2021-02-04 19:48:06', '2021-02-04 19:48:06'),
(267, 'ليفوكتيفان 5 مجم اقراص', NULL, '31.50', 0, 'https://www.dawapharm.com/wp-content/uploads/2020/09/noimg.jpg', '2021-02-04 19:48:25', '2021-02-04 19:48:25'),
(268, 'ليفوماجيكتام 500 مجم اقراص', NULL, '27.00', 0, 'https://www.dawapharm.com/wp-content/uploads/2020/09/noimg.jpg', '2021-02-04 19:48:37', '2021-02-04 19:48:37'),
(269, 'ماتيوجاك 3 قرص', NULL, '30.00', 0, 'https://www.dawapharm.com/wp-content/uploads/2020/09/noimg.jpg', '2021-02-04 19:48:51', '2021-02-04 19:48:51'),
(270, 'موبيتيل لبوس', NULL, '12.75', 0, 'https://www.dawapharm.com/wp-content/uploads/2020/09/noimg.jpg', '2021-02-04 19:49:03', '2021-02-04 19:49:03'),
(271, 'ميبيفاك 200 مجم اقراص', NULL, '33.75', 0, 'https://www.dawapharm.com/wp-content/uploads/2020/09/noimg.jpg', '2021-02-04 19:49:17', '2021-02-04 19:49:17'),
(272, 'ميتاش امبول', NULL, '81.00', 0, 'https://www.dawapharm.com/wp-content/uploads/2020/09/noimg.jpg', '2021-02-04 19:49:28', '2021-02-04 19:49:28'),
(273, 'ميجافين اقراص', NULL, '21.00', 0, 'https://www.dawapharm.com/wp-content/uploads/2020/09/noimg.jpg', '2021-02-04 19:49:39', '2021-02-04 19:49:39'),
(274, 'نافكون قطرة', NULL, '12.00', 0, 'https://www.dawapharm.com/wp-content/uploads/2020/09/noimg.jpg', '2021-02-04 19:49:52', '2021-02-04 19:49:52'),
(275, 'نوكسيلورن 8 مجم اقراص', NULL, '27.00', 0, 'https://www.dawapharm.com/wp-content/uploads/2020/09/noimg.jpg', '2021-02-04 19:50:04', '2021-02-04 19:50:04'),
(276, 'نوهير كريم', NULL, '50.00', 0, 'https://www.dawapharm.com/wp-content/uploads/2020/09/noimg.jpg', '2021-02-04 19:50:52', '2021-02-04 19:50:52'),
(277, 'نيوفلوكسين 400 مجم اقراص', NULL, '32.40', 0, 'https://www.dawapharm.com/wp-content/uploads/2020/09/noimg.jpg', '2021-02-04 19:51:09', '2021-02-04 19:51:09'),
(278, 'هيدرافيت كريم', NULL, '28.00', 0, 'https://www.dawapharm.com/wp-content/uploads/2020/09/noimg.jpg', '2021-02-04 19:51:22', '2021-02-04 19:51:22'),
(279, 'وينترياكسون 500 مجم فيال', NULL, '21.75', 0, 'https://www.dawapharm.com/wp-content/uploads/2020/09/noimg.jpg', '2021-02-04 19:51:35', '2021-02-04 19:51:35'),
(280, 'سرنجات انسولين الدولية', 'كيس 10 سرنجات', '20.00', 0, 'https://www.dawapharm.com/wp-content/uploads/2020/09/noimg.jpg', '2021-03-04 02:01:53', '2021-03-04 02:01:53'),
(281, 'ارميدكس 1 مجم اقراص', NULL, '400.00', 0, 'https://www.dawapharm.com/wp-content/uploads/2020/09/noimg.jpg', '2021-03-05 18:47:27', '2021-03-05 18:47:27'),
(282, 'انلت اير 4 مجم اكياس', NULL, '38.50', 0, 'https://www.dawapharm.com/wp-content/uploads/2020/09/noimg.jpg', '2021-03-05 18:47:49', '2021-03-05 18:47:49'),
(283, 'بيورلان كريم', NULL, '24.00', 0, 'https://www.dawapharm.com/wp-content/uploads/2020/09/noimg.jpg', '2021-03-05 18:48:53', '2021-03-05 18:48:53'),
(284, 'ترايكتين اقراص', NULL, '13.50', 0, 'https://www.dawapharm.com/wp-content/uploads/2020/09/noimg.jpg', '2021-03-05 18:49:10', '2021-03-05 18:49:10'),
(285, 'تمبوكول كمادات بيبي', NULL, '22.00', 0, 'https://www.dawapharm.com/wp-content/uploads/2020/09/noimg.jpg', '2021-03-05 18:49:21', '2021-03-05 18:49:21'),
(286, 'جاسموفاك 5 مجم اقراص', NULL, '36.00', 0, 'https://www.dawapharm.com/wp-content/uploads/2020/09/noimg.jpg', '2021-03-05 18:49:39', '2021-03-05 18:49:39'),
(287, 'درماوايت كريم', NULL, '58.00', 0, 'https://www.dawapharm.com/wp-content/uploads/2020/09/noimg.jpg', '2021-03-05 18:50:32', '2021-03-05 18:50:32'),
(288, 'ديمارك كريم', NULL, '75.00', 0, 'https://www.dawapharm.com/wp-content/uploads/2020/09/noimg.jpg', '2021-03-05 18:50:43', '2021-03-05 18:50:43'),
(289, 'رانسيف 500 مجم اقراص', NULL, '40.50', 0, 'https://www.dawapharm.com/wp-content/uploads/2020/09/noimg.jpg', '2021-03-05 18:50:59', '2021-03-05 18:50:59'),
(290, 'روماتيزين 60 جرام كريم', NULL, '24.50', 0, 'https://www.dawapharm.com/wp-content/uploads/2020/09/noimg.jpg', '2021-03-05 18:51:17', '2021-03-05 18:51:17'),
(291, 'ستاتومين 100 مجم اقراص', NULL, '81.00', 0, 'https://www.dawapharm.com/wp-content/uploads/2020/09/noimg.jpg', '2021-03-05 18:51:32', '2021-03-05 18:51:32'),
(292, 'سيبالافيل 20 مجم اقراص', NULL, '123.00', 0, 'https://www.dawapharm.com/wp-content/uploads/2020/09/noimg.jpg', '2021-03-05 18:51:47', '2021-03-05 18:51:47'),
(293, 'سيفوتريكس 1 جم  وريد', NULL, '45.00', 0, 'https://www.dawapharm.com/wp-content/uploads/2020/09/noimg.jpg', '2021-03-05 18:52:46', '2021-03-05 18:52:46'),
(294, 'سيفوتريكس 1 جم عضل', NULL, '45.00', 0, 'https://www.dawapharm.com/wp-content/uploads/2020/09/noimg.jpg', '2021-03-05 18:53:20', '2021-03-05 18:53:20'),
(295, 'شاد اوت كريم', NULL, '60.00', 0, 'https://www.dawapharm.com/wp-content/uploads/2020/09/noimg.jpg', '2021-03-05 18:53:55', '2021-03-05 18:53:55'),
(296, 'فاروفين لبوس', NULL, '10.50', 0, 'https://www.dawapharm.com/wp-content/uploads/2020/09/noimg.jpg', '2021-03-05 19:00:37', '2021-03-05 19:00:37'),
(297, 'فاكتو مرهم', NULL, '33.75', 0, 'https://www.dawapharm.com/wp-content/uploads/2020/09/noimg.jpg', '2021-03-05 19:00:56', '2021-03-05 19:00:56'),
(298, 'فالكوناسيا بلس اقراص', NULL, '65.25', 0, 'https://www.dawapharm.com/wp-content/uploads/2020/09/noimg.jpg', '2021-03-05 19:01:23', '2021-03-05 19:01:23'),
(299, 'فايزين قطره احمر', NULL, '13.50', 0, 'https://www.dawapharm.com/wp-content/uploads/2020/09/noimg.jpg', '2021-03-05 19:01:42', '2021-03-05 19:01:42'),
(300, 'فلومكس 1 جم اقراص', NULL, '42.75', 0, 'https://www.dawapharm.com/wp-content/uploads/2020/09/noimg.jpg', '2021-03-05 19:03:13', '2021-03-05 19:03:13'),
(301, 'فليكسوديرم جل', NULL, '80.00', 0, 'https://www.dawapharm.com/wp-content/uploads/2020/09/noimg.jpg', '2021-03-05 19:03:38', '2021-03-05 19:03:38'),
(302, 'فليكسوديرم كريم', NULL, '80.00', 0, 'https://www.dawapharm.com/wp-content/uploads/2020/09/noimg.jpg', '2021-03-05 19:03:52', '2021-03-05 19:03:52'),
(303, 'ك واي جل', NULL, '30.00', 0, 'https://www.dawapharm.com/wp-content/uploads/2020/09/noimg.jpg', '2021-03-05 19:22:14', '2021-04-17 05:57:31'),
(304, 'كلوفاتيل اقراص', NULL, '31.50', 0, 'https://www.dawapharm.com/wp-content/uploads/2020/09/noimg.jpg', '2021-03-05 19:22:29', '2021-03-05 19:22:29'),
(307, 'ماتيوجاك اقراص', NULL, '30.00', 0, 'https://www.dawapharm.com/wp-content/uploads/2020/09/noimg.jpg', '2021-03-05 19:24:36', '2021-03-05 19:24:36'),
(308, 'موبيتيل 15 مجم اقراص', NULL, '17.25', 0, 'https://www.dawapharm.com/wp-content/uploads/2020/09/noimg.jpg', '2021-03-05 19:42:13', '2021-03-05 19:42:13'),
(309, 'موكسين 15 مجم اقراص', NULL, '25.50', 0, 'https://www.dawapharm.com/wp-content/uploads/2020/09/noimg.jpg', '2021-03-05 19:43:04', '2021-03-05 19:43:04'),
(310, 'ميلوكين كريم', NULL, '40.50', 0, 'https://www.dawapharm.com/wp-content/uploads/2020/09/noimg.jpg', '2021-03-05 19:43:23', '2021-03-05 19:43:23'),
(311, 'نيكسيماش كبسول', NULL, '50.50', 0, 'https://www.dawapharm.com/wp-content/uploads/2020/09/noimg.jpg', '2021-03-05 19:43:49', '2021-03-05 19:43:49'),
(312, 'هيستاروب 10 مجم اقراص', NULL, '45.75', 0, 'https://www.dawapharm.com/wp-content/uploads/2020/09/noimg.jpg', '2021-03-05 19:44:06', '2021-03-05 19:44:06'),
(313, 'هيلوزين كريم', NULL, '22.00', 0, 'https://www.dawapharm.com/wp-content/uploads/2020/09/noimg.jpg', '2021-03-05 19:46:10', '2021-03-05 19:46:10'),
(314, 'وايت شادو كريم', NULL, '75.00', 0, 'https://www.dawapharm.com/wp-content/uploads/2020/09/noimg.jpg', '2021-03-05 19:46:21', '2021-03-05 19:46:21'),
(315, 'برستفلام اقراص', NULL, '47.00', 0, 'https://www.dawapharm.com/wp-content/uploads/2020/09/noimg.jpg', '2021-03-05 21:30:46', '2021-03-05 21:30:46'),
(316, 'جلسرين صابون', NULL, '15.00', 0, 'https://www.dawapharm.com/wp-content/uploads/2020/09/noimg.jpg', '2021-03-05 21:30:59', '2021-03-05 21:30:59'),
(317, 'سترب هولز باستيليا', 'مستحلب للزور (العلبة 150 قطعة)', '75.00', 0, 'https://www.dawapharm.com/wp-content/uploads/2020/09/noimg.jpg', '2021-04-17 05:28:11', '2021-04-17 05:28:11'),
(318, 'سبايكا اقراص', NULL, '26.25', 0, 'https://www.dawapharm.com/wp-content/uploads/2020/09/noimg.jpg', '2021-04-17 05:39:04', '2021-04-17 05:39:04'),
(319, 'اوجرام اقراص', NULL, '17.50', 0, 'https://www.dawapharm.com/wp-content/uploads/2020/09/noimg.jpg', '2021-05-13 06:40:56', '2021-06-03 04:59:08'),
(320, 'هيبيوروكسيم أقراص', 'مضاد حيوى واسع المجال', '38.00', 0, 'https://www.dawapharm.com/wp-content/uploads/2020/09/noimg.jpg', '2021-05-13 06:41:35', '2021-05-13 06:41:35'),
(321, 'هيبيوروكسيم شراب', 'مضاد حيوى واسع المجال', '26.75', 0, 'https://www.dawapharm.com/wp-content/uploads/2020/09/noimg.jpg', '2021-05-13 06:41:49', '2021-05-13 06:41:49'),
(322, 'داي لايت صابون', NULL, '29.95', 0, 'https://www.dawapharm.com/wp-content/uploads/2020/09/noimg.jpg', '2021-05-13 06:42:14', '2021-05-13 06:42:14');
INSERT INTO `products` (`id`, `p_name`, `p_active_ingredient`, `p_price`, `sort_factor`, `p_img`, `created_at`, `updated_at`) VALUES
(323, 'بيونك لسيون', NULL, '60.00', 0, 'https://www.dawapharm.com/wp-content/uploads/2020/09/noimg.jpg', '2021-05-13 06:42:30', '2021-05-13 06:42:30'),
(324, 'ضياء كريم', NULL, '50.00', 0, 'https://www.dawapharm.com/wp-content/uploads/2020/09/noimg.jpg', '2021-05-13 06:43:13', '2021-05-13 06:43:13'),
(325, 'نيركس كريم', NULL, '50.00', 0, 'https://www.dawapharm.com/wp-content/uploads/2020/09/noimg.jpg', '2021-05-13 06:43:27', '2021-05-13 06:43:27'),
(326, 'مالف سي اكياس', 'فيتامين سي', '45.00', 0, 'https://www.dawapharm.com/wp-content/uploads/2020/09/noimg.jpg', '2021-05-13 06:43:50', '2021-05-13 06:44:03'),
(327, 'ترايكونال', 'فلوكونازول 150 مجم', '26.50', 0, 'https://www.dawapharm.com/wp-content/uploads/2020/09/noimg.jpg', '2021-06-03 04:27:35', '2021-06-03 04:27:35'),
(328, 'روكسيسين', 'روكسثروميسين 150 مجم', '50.00', 0, 'https://www.dawapharm.com/wp-content/uploads/2020/09/noimg.jpg', '2021-06-03 04:28:02', '2021-06-03 04:28:02'),
(329, 'اكتيفاست اقراص', 'ديكلوفيناك بوتاسيوم  50 مجم', '14.25', 0, 'https://www.dawapharm.com/wp-content/uploads/2020/09/noimg.jpg', '2021-06-03 04:46:53', '2021-06-03 04:46:53');

-- --------------------------------------------------------

--
-- Table structure for table `roles`
--

DROP TABLE IF EXISTS `roles`;
CREATE TABLE IF NOT EXISTS `roles` (
  `id` int(10) UNSIGNED NOT NULL AUTO_INCREMENT,
  `name` varchar(255) COLLATE utf8mb4_unicode_ci NOT NULL,
  `created_at` timestamp NULL DEFAULT NULL,
  `updated_at` timestamp NULL DEFAULT NULL,
  PRIMARY KEY (`id`)
) ENGINE=InnoDB DEFAULT CHARSET=utf8mb4 COLLATE=utf8mb4_unicode_ci;

-- --------------------------------------------------------

--
-- Table structure for table `statuses`
--

DROP TABLE IF EXISTS `statuses`;
CREATE TABLE IF NOT EXISTS `statuses` (
  `id` int(10) UNSIGNED NOT NULL AUTO_INCREMENT,
  `sName` varchar(255) COLLATE utf8mb4_unicode_ci NOT NULL,
  `created_at` timestamp NULL DEFAULT NULL,
  `updated_at` timestamp NULL DEFAULT NULL,
  PRIMARY KEY (`id`)
) ENGINE=InnoDB AUTO_INCREMENT=6 DEFAULT CHARSET=utf8mb4 COLLATE=utf8mb4_unicode_ci;

--
-- Dumping data for table `statuses`
--

INSERT INTO `statuses` (`id`, `sName`, `created_at`, `updated_at`) VALUES
(1, 'طلب العميل', NULL, NULL),
(2, 'جاري المعالجة', NULL, NULL),
(3, 'جاري الشحن', NULL, NULL),
(4, 'تم التسليم', NULL, NULL),
(5, 'تم الإلغاء', NULL, NULL);

-- --------------------------------------------------------

--
-- Table structure for table `users`
--

DROP TABLE IF EXISTS `users`;
CREATE TABLE IF NOT EXISTS `users` (
  `id` int(10) UNSIGNED NOT NULL AUTO_INCREMENT,
  `name` varchar(255) COLLATE utf8mb4_unicode_ci NOT NULL,
  `email` varchar(255) COLLATE utf8mb4_unicode_ci NOT NULL,
  `password` varchar(255) COLLATE utf8mb4_unicode_ci NOT NULL,
  `role_id` int(11) DEFAULT NULL,
  `remember_token` varchar(100) COLLATE utf8mb4_unicode_ci DEFAULT NULL,
  `created_at` timestamp NULL DEFAULT NULL,
  `updated_at` timestamp NULL DEFAULT NULL,
  PRIMARY KEY (`id`),
  UNIQUE KEY `users_email_unique` (`email`)
) ENGINE=InnoDB AUTO_INCREMENT=6 DEFAULT CHARSET=utf8mb4 COLLATE=utf8mb4_unicode_ci;

--
-- Dumping data for table `users`
--

INSERT INTO `users` (`id`, `name`, `email`, `password`, `role_id`, `remember_token`, `created_at`, `updated_at`) VALUES
(1, 'as', 'ahmedsuror@live.com', 'hjPoZ2E3zl8C6', 1, 'osi7yAaZF5Iz8QgvFDYmSZNYbxC0d9TGYhkiid9wOr8JDz1VWDlIj9qwfSZj', '2020-05-14 20:02:24', '2020-05-14 20:02:24'),
(2, 'hamdy', 'hamdy@dawapharm.com', 'HqLbq/to6yx52', 2, 'nor2NtpS17l2WVq67sVBnJevSUyhkKUXQu9pVMXfxB3OmHDJy1pLBDcBG4VV', '2020-05-15 05:45:21', '2020-05-15 05:45:21'),
(5, 'admin', 'admin@dawapharm.com', '$2y$10$7vxR7nCnW6Pi1qBk2eOOD.FGF44myAlBwsiyfonxE9bZ/uVypKwB2', 1, 'PGjGVe8CcS0Fxdqyors6ifnkskOhoBVGkGwrwYrobPCP2SMRI87FMEkWRKxp', '2020-05-18 03:22:30', '2021-05-10 16:11:25');

--
-- Constraints for dumped tables
--

--
-- Constraints for table `offer_product`
--
ALTER TABLE `offer_product`
  ADD CONSTRAINT `FK_offer_product_offer_id` FOREIGN KEY (`offer_id`) REFERENCES `offers` (`id`) ON DELETE NO ACTION ON UPDATE CASCADE,
  ADD CONSTRAINT `FK_offer_product_product_id` FOREIGN KEY (`product_id`) REFERENCES `products` (`id`) ON DELETE NO ACTION;
COMMIT;

/*!40101 SET CHARACTER_SET_CLIENT=@OLD_CHARACTER_SET_CLIENT */;
/*!40101 SET CHARACTER_SET_RESULTS=@OLD_CHARACTER_SET_RESULTS */;
/*!40101 SET COLLATION_CONNECTION=@OLD_COLLATION_CONNECTION */;
